update;0.0;0.0;0.0;0.0
update;0.04253855063342679;0.11080100719963125;0.005880358765048977;0.005880426544215304
update;-0.0979090115360412;0.353033283823199;-0.04203067636787815;-0.04205544402226653
update;1.2086218867301126;0.4103930996400448;0.08310463369229122;0.08329648109542073
update;0.20427636444084252;-0.31080467761960984;2.1647586224966204;-1.480802390971861
update;1.3048951086828915;0.8860420037512269;2.2302947602056973;-1.2898207224246228
update;0.024917007998554785;0.15336220699566505;4.734120476034311;-46.00891682114688
update;0.8330655682957978;-0.18253349552144615;4.627600475701496;11.765775218234252
update;-0.03563698895197265;-0.5399000585501688;5.382422607010372;-1.2621339839595451
update;-0.03800201549350525;-0.11855867446008012;5.590155393208856;-0.8304427208160444
update;-0.021189841525474814;-0.12716366513402616;5.590319449071825;-0.8301655640266276
update;-0.13049560202606708;-0.13163705202425047;5.586063311054355;-0.8373804613384985
update;-0.10446228644226813;-0.09029954535505988;5.57660860085019;-0.8535937179549846
update;-0.06338275803417803;-0.2580158292050051;5.473402506431953;-1.049998377244438
update;-0.002299205555896855;-0.30730379090600557;5.4711494179537805;-1.0547467294898776
update;-0.33453045712402285;-0.2159594802488788;5.395016945520754;-1.2299863984693626
update;0.1411328104967126;-0.49085160464573685;4.891157589182537;-5.534106366256011
update;0.04317677067398923;-0.11165694937519599;4.4703675396596845;4.0508747205879265
update;0.7902822662680553;-0.3359608710103993;4.455790586170061;3.811229906529394
update;0.3906215486136566;0.0067014288861168;3.456858267105099;0.326143285019786
update;0.38713388901812507;-0.2633583067161995;3.3352481382751265;0.19611321108238244
update;1.0397182654381965;-0.9715480690030053;2.950560011317031;-0.19339088717382297
update;1.7698896921423626;-0.3080668287710535;1.8507160712329784;-3.478654882536994
update;1.3720844529528793;0.3435922121575602;1.036115379219579;1.688555231592075
update;1.4937140605039854;0.9086040036079924;1.0531833763975351;1.7562452392368522
update;1.3407892662839491;1.375134267125584;0.9715450964355384;1.4640470779594843
update;1.388130517621398;1.5968279657460955;0.9345051443041732;1.3535556587712816
update;1.604125061691087;1.7953404168559606;0.8679487338891928;1.1804035344020756
update;1.8696079754447223;2.0889370277310797;0.865466228962132;1.1744793727607874
update;2.141678674663349;2.350026928063567;0.8240355964324849;1.0804221967535994
update;2.4468533468006357;2.6557540586773536;0.8186803275198266;1.068882316385743
update;2.794440775154948;2.9125157276234046;0.7638267939673917;0.957761844321274
update;3.1924821304728535;3.178381441958211;0.7220000287916661;0.8806126698403255
update;3.6552855639109727;3.4541141584958335;0.6831439481194539;0.8138745264150835
update;4.180726421440121;3.7522025853707675;0.6458880004981408;0.7537362138375872
update;4.715142792531194;4.175681100622444;0.5938156389663478;0.6750960351412302
update;5.331948172728636;4.720900035697003;0.6437849060095772;0.7504435275662813
update;5.528390411062503;5.438374888552096;0.6448624806215443;0.752129318893168
update;5.768851836431899;6.3745073898191436;0.8645643811223083;1.1723357843014144
update;5.536180886084637;6.8288537657670965;0.8620492577245101;1.1663814918512643
update;5.699062431676059;7.181326228267261;0.7996526823252459;1.0289232843733656
update;6.154212077430199;7.608509338694465;0.784788877840725;0.9987821707416333
update;6.631230345742455;8.00482363814811;0.7479490719115666;0.927772888963613
update;5.834389225217462;7.45129818396599;0.020353378716353565;0.020356189712540943
update;16.973794221846408;3.4715819262731165;-0.4054514485327023;-0.4292340449269459
update;0.5223359006439452;-5.373122464631394;-2.316961139327119;1.0817145689289904
update;-26.052333503919233;-10.540910501420292;-5.3730811241956475;1.2866459971723505
update;-20.068378852595277;-10.545144484639692;-8.768110893320701;0.7707781845323847
update;-20.60478209228161;-10.72016574311296;-5.857771170052418;0.4530822114551097
update;-20.463830349447427;-10.80259519548521;-9.226998573882733;0.20039921078341896
update;-20.556216204135215;-10.908296843852836;-6.311039098252852;-0.02786099661244425
update;-20.42558896777491;-10.99275483771979;-3.388653326905581;-0.2522132910473934
update;-20.34963911245874;-11.086844859637685;-6.749841453489106;-0.5037663485994842
update;-20.39067579406304;-11.186410171651431;-3.8200750210432397;-0.8061543870371097
update;-20.237113263476626;-11.268336053578032;-7.1638727226332435;-1.2113588324066824
update;-20.19524448577364;-11.36881771015359;-4.228129588304485;-1.9010078738765888
update;-20.177137806818777;-11.462431733571192;-7.56625822004852;-3.3791187135656395
update;-20.03403008160153;-11.548333355257824;-4.6162936895839835;-10.374285705836556
update;-20.059925216927425;-11.65193763472561;-7.946457259210947;10.782817532109714
update;-19.9416297713882;-11.737708679723784;-4.987128599440826;3.547765900921437
update;-19.92721157350698;-11.837357134529363;-8.307160941286035;2.0534627906158693
update;-19.857168665385903;-11.928234130336241;-5.338772934192921;1.3819963691721788
update;-19.727893535242117;-12.01698093541752;-8.647274421287218;0.9843341030731462
update;-19.757994970411392;-12.122470345195307;-5.66980995772963;0.7039549276824724
update;-19.62543745999753;-12.20595975508811;-8.968277856959563;0.4910972830148148
update;-19.550300547099543;-12.30769003793742;-5.983605480255476;0.3088759304306413
update;-19.569452423507276;-12.404936641517224;-9.274007239356184;0.151923636171126
update;-19.412221032665272;-12.485355255433376;-6.2721103486458425;0.01107541135455648
update;-19.38763702540122;-12.598710596124064;-9.557334447519025;-0.13333837586880004
update;-19.39262288492561;-12.690829009411834;-6.550532805904995;-0.27390455421649906
update;-19.249867129761974;-12.777640227758756;-3.540443068966693;-0.42143879884468
update;-19.207241962920786;-12.87992340330484;-6.808462795494089;-0.5795907263786685
update;-19.13980653358685;-12.972691457725343;-3.7875184815174454;-0.7537955334126335
update;-19.077618238220317;-13.070158959104845;-7.046222969290829;-0.9562499780526378
update;-18.981132358918373;-13.162198779532192;-4.0152963149606755;-1.1942714643438133
update;-18.890212502998423;-13.26023405090242;-7.263165355194387;-1.4908939636077367
update;-18.913632064694827;-13.364674205296044;-4.223624691690241;-1.880399390933181
update;-18.76579890475222;-13.442441121340364;-7.46238951570879;-2.421792639275789
update;-18.691484519865963;-13.595177059744294;-4.414996064499636;-3.2628344458481253
update;-18.89819655710243;-13.60697973625643;-7.663872377022654;-5.196610160636023
update;-18.754750842087795;-13.791076825918811;-4.602022777870371;-9.023926197490017
update;-18.878196617627772;-13.800073151686961;-7.83326430496302;-48.26186455369715
update;-18.937347579219793;-14.027377896624687;-4.7674514517361875;18.142832057804167
update;-19.110622564287645;-13.952314304381176;-7.989094060710247;7.356151338185961
update;-19.30543264913471;-14.194177350454057;-4.9225568824676875;4.6878373670118245
update;-19.671964390219788;-14.109001578207414;-8.149138387577777;3.2890684428853807
update;-19.873961178779627;-14.29519474857835;-5.08406460659437;2.5654700194683193
update;-20.309915055156104;-14.260830300370849;-8.315048943002814;2.0129684536446475
update;-20.689612164815095;-14.365324091211813;-5.257172336337733;1.6502999226004793
update;-22.986818235107883;-13.369938389212999;-8.425692691756698;1.554278753130482
update;-230.2881324548656;136.1015930947125;-0.40794307476966907;-0.43218789826119997
update;-71.59283976320461;-25.29374888079269;1.545393181740809;39.35673642077284
update;-67.50337433317114;-22.612195926179187;-2.082817505645746;1.7793110144323006
update;-67.31699687590421;-22.6406579610338;-5.72660729909699;0.6221926623244377
update;-67.20401152000612;-22.667719730287384;-9.370267119575653;0.05456489719325111
update;-67.25399795505423;-22.70777704682491;-6.73210365228225;-0.4817217111459471
update;-67.20976464939385;-22.74523433990727;-4.090903814030096;-1.3963487008153834
update;-67.16606886972944;-22.729913907359233;-7.733032966047431;-8.227614752138393
update;-67.11849009449203;-22.822154167379136;-5.089916770011362;2.5217568352060877
update;-67.10479085341684;-22.83756696073923;-8.728525212207858;0.835902767363299
update;-67.2270656267571;-22.800285201008347;-6.082088012117472;0.20385267453446834
update;-66.78881599316311;-23.013554325243966;-9.69800271596997;-0.28023300469875767
update;-67.14116438423677;-22.739975231651826;-7.032775332863217;-0.9308309727326112
update;-66.98077973139155;-23.169576427960884;-4.365181576820592;-2.7634461532425973
update;-67.25346510206873;-22.867910036037163;-7.980108323690903;7.886449115591087
update;-67.33432538658454;-23.07237001949973;-5.308642735541574;1.4735110032226713
update;-67.38434005111861;-23.246059415775647;-8.920415217342601;0.5519808480840912
update;-67.93536990159656;-22.836305405686854;-6.247080699552036;0.03612030377764779
update;-67.51806589225357;-23.60268421228908;-9.852562397656582;-0.45594217140635745
update;-68.58717636522302;-22.82022863818344;-7.17179925279979;-1.2311067055689708
update;-68.10859872134581;-23.681388128833174;-4.481503827538239;-4.2539210421208065
update;-68.82964274104395;-23.17618987751598;-8.072995192396046;4.492688321705987
update;-69.0889212902962;-23.424837391661686;-5.371305478377742;1.2913719519397164
update;-69.08942582537159;-23.72750578893808;-8.949382487660658;0.5147722811021745
update;-70.18344415889048;-23.05051156682815;-6.238007210842453;0.045208858526661254
update;-69.4783584932368;-24.179805579024467;-9.804144833918455;-0.39867877704624527
update;-71.04982211134119;-23.037577730693307;-7.084296736928769;-1.0319308994595429
update;-70.43517462965481;-24.292326109505193;-4.350545329303571;-2.641943893667867
update;-71.57194192646251;-23.522842827639533;-7.8995662819881085;21.92201309419773
update;-71.8917018858126;-24.04528753918307;-5.155444762910344;2.1073973266920776
update;-72.11764903601835;-24.132757031630582;-8.694080780885779;0.8961738487754206
update;-73.27279037173946;-23.62719251496759;-5.942283939522714;0.3547513573700083
update;-72.89677840958;-24.60810438255498;-9.465117749471405;-0.04036168458117685
update;-74.48954064555522;-23.48277426893133;-6.692846671589412;-0.4342286585279976
update;-73.82459126535778;-24.853428732440197;-3.9039767598637587;-0.9549995828669487
update;-75.2002011007444;-23.75094958516667;-7.3899828224572275;-1.9982452199119713
update;-75.01145069850959;-24.80117447891438;-4.582752536368707;-7.6706195706958455
update;-75.67008864071201;-24.191502425458275;-8.056763968376329;4.8636158946191665
update;-75.89193442189966;-24.578821256245917;-5.2406140794778375;1.7136924883298044
update;-76.13543654720536;-24.552191056276342;-8.704879834985356;0.8768876752142378
update;-76.62317300397697;-24.399122123920307;-5.87423665691977;0.43338182083462773
update;-76.48202829116654;-24.776111154726;-9.318959544170394;0.10621516227893808
update;-77.19131955196308;-24.323777472810864;-6.463300536559229;-0.18208857649660312
update;-76.6530008059597;-24.94335211000837;-3.5909406035904494;-0.4822511179485406
update;-77.29772792636838;-24.291915034846387;-6.986982712349057;-0.8488007147221998
update;-76.65466541130752;-25.0930567566963;-4.085096387375983;-1.3793556226280552
update;-77.1834069800953;-24.300434771742427;-7.457861516527462;-2.391044534261141
update;-76.43961020315312;-25.188527169370644;-4.532818719764289;-5.508865034452081
update;-75.89060720315055;-24.31290012590437;-7.882186903120787;35.444966033828855
update;-75.2805384638934;-25.149385907244298;-4.932781339150235;4.463659275403926
update;-75.37720961171814;-24.44972091774632;-8.264590056749824;2.2969773370596034
update;-74.57375478620793;-25.135954627282885;-5.29942952714511;1.5031312041185234
update;-74.64473277320216;-24.61916107903147;-8.618247456998542;1.0431836814557693
update;-73.99417452957013;-25.06754479560253;-5.645256276891904;0.7413297710010341
update;-72.8310580883881;-24.72663923520113;-8.95994528622914;0.5014822108766716
update;-57.600675408725735;-35.02931995545814;-4.698109774768895;-70.02714721975705
update;-57.006138018557166;-35.82876457847146;-7.899197854459644;22.100883138220002
update;-56.22583043237011;-35.973574763047864;-4.804138037157039;10.868694414869061
update;-55.64057290863654;-35.62866561357294;-7.998349853413001;6.878542501542564
update;-55.70407486891983;-35.82643340776816;-4.9165236156607826;4.83049307269253
update;-108.82212161832464;-22.95048200029234;-3.0885469200759585;0.05309554382106738
update;-67.41469007191745;-73.55859934329325;-6.3545629728808075;-0.07149913086636626
update;-67.99925278385184;-72.19520100164898;-3.0743578921292625;0.06733625686341312
update;-68.20577775015774;-71.37966886355302;-6.0837550999449554;0.2021168976293567
update;-70.8144056253728;-72.61358247829259;-9.119370986392507;0.3152705949576825
update;3.951168470939585;-136.5257015597447;-2.2098780525013706;1.345682243947719
update;-68.8293729279052;-94.6106906328298;-4.85004632472676;7.218470586018155
update;-74.85477225882674;-92.63556162791019;-7.789487274923741;-15.483727920012019
update;-75.22385028215757;-93.19496000264391;-4.466874908227929;-3.9909174970402805
update;-76.81121550141667;-92.74174312065709;-7.43316880844159;-2.2343980758494317
update;-76.89414327848772;-93.58186802844567;-4.120163549876362;-1.4863621169430306
update;-78.7035136940109;-92.8888012093335;-7.095742377807117;-1.0558483259981246
update;-78.6329744362;-93.93977984056255;-3.793640992059289;-0.7634415396400516
update;-80.57067916373454;-93.09337167551121;-6.779709565269487;-0.5417979603274271
update;-80.30168952167273;-94.21222627666876;-3.4894912342109454;-0.36264889197916
update;-82.50338492433049;-93.38595575041695;-6.485770656649092;-0.20540303783875785
update;-82.24093603775135;-94.45501951963323;-3.2056559461658543;-0.06415107752654584
update;-84.1573658870635;-93.68173538997016;-6.214725597087929;0.06856686174174806
update;-84.12332552989217;-94.64769246246065;-9.229878579831265;0.19740526392766586
update;-85.86207008982171;-93.99685609747237;-5.965646109106013;0.3286605804477909
update;-86.00221564427757;-94.79927037925468;-8.990043139690183;0.4643642491048451
update;-87.51463258024341;-94.31442634545824;-5.735061717338852;0.6105264280010793
update;-87.79498386397299;-94.91609614540337;-8.768047071450198;0.7708799279181043
update;-89.14501043670941;-94.63671965463394;-5.5186255778514735;0.959168094376695
update;-90.80181547734692;-95.14147914269148;-8.561418163455471;1.1694796871418722
update;-108.86970277010627;-113.70613828048234;-4.933478805771837;4.449110597928349
update;-114.682277910074;-108.75937765624309;-7.936197666094394;12.135660158107608
update;-111.79225173196622;-111.57458049909468;-4.656539716124176;-17.88671853644726
update;-119.41355745465579;-109.04301165458796;-7.630360702096702;-4.397063291143634
update;-326.85354455678544;231.38924279399404;-7.44666249812712;-2.3177784831857293
update;-129.61342002241963;-37.318217041704685;0.8919138816263286;1.2394419958461567
update;-127.77749366949156;-36.7059369004302;-2.6471341403860285;0.5391288098572986
update;-128.8250730487334;-36.42685348385394;-6.186400901716612;0.09708774239298579
update;-128.61299567808342;-37.13499614942107;-9.726225272835533;-0.31092276479779074
update;-130.07502318374267;-36.328004125657074;-6.983722994680733;-0.843207946758235
update;-129.67494406613847;-37.30596752959016;-4.240840520166404;-1.9611094712451622
update;-130.85976432425116;-36.533495294397085;-7.784473053405561;-14.363536011460292
update;-131.12971219619132;-37.16204918093289;-5.047589582397941;2.8707086516824925
update;-131.5541921336642;-37.015683690611205;-8.598692805295727;1.084874095380213
update;-132.5045955186504;-36.83979860320588;-5.869464836921168;0.43906167228080784
update;-132.47707753953608;-37.48632625655393;-9.423956312152074;8.216488022063369E-4
update;-133.7356414309359;-36.685152512266335;-6.695118568206552;-0.4369316027051928
update;-133.50628634446693;-37.7084837728937;-3.964624386170194;-1.0782488669134096
update;-134.70965694819742;-36.842847482240245;-7.5163246793330405;-2.848168471382284
update;-134.79313065681623;-37.602868977227445;-4.785702851741649;13.61553684119168
update;-135.52440067962922;-37.28714352866175;-8.340950925204595;1.8885689067272056
update;-136.1829668071143;-37.31381334563977;-5.613381417444846;0.7919350221667816
update;-136.41303039116144;-37.77748044810966;-9.170581156455956;0.25981717711214775
update;-137.59039385660338;-37.096744696451246;-6.4439253287289855;-0.16213884573791226
update;-137.26441277863015;-38.06191810041917;-3.714700903870207;-0.6453625659678721
update;-138.72981986901297;-37.16686648857404;-7.263897520444958;-1.493256138940133
update;-138.55443035571818;-38.097690888161836;-4.524501931048599;-5.259569702343597
update;-139.49213218136165;-37.48595003690014;-8.064501190948393;4.6797711047330575
update;-139.88574561421242;-37.90043790993459;-5.316917060684695;1.4475866623468
update;-140.30441334578626;-37.95412755630315;-8.851770303285633;0.6452200862406174
update;-141.24566705547116;-37.626834786744375;-6.10285823712988;0.18230744945484678
update;-141.03627876683112;-38.30601288295427;-9.63732456458882;-0.21580619126546788
update;-142.18406680771542;-37.589604004198556;-6.888567755261976;-0.6920677554604285
update;-142.00432835648286;-38.38926105158226;-4.139709746471545;-1.5509766421376074
update;-142.81633611300566;-37.80459767860101;-7.674314484533998;-5.5058294233002165
update;-142.88787692474668;-38.25769346462502;-4.926851580994098;4.5911099538720475
update;-143.18463027853957;-38.10554587277859;-8.465013130380575;1.427642767134176
update;-143.43952064334417;-38.11893930767437;-5.720781095797625;0.6303038219552805
update;-143.53112272921248;-38.281041074449426;-9.260869619723756;0.16539213932981128
update;-143.77120078297423;-38.122397419731;-6.519067069339619;-0.24035620885502013
update;-143.7796431540803;-38.29392437742728;-3.7787606520160026;-0.740151163703217
update;-143.86489255814223;-38.22622885117731;-7.3216706492061405;-1.697719166350056
update;-143.84669982934417;-38.25678001489952;-4.582841594071693;-7.675952284498674
update;-143.84830327235355;-38.27615728010284;-8.127254143670186;3.567803300127776
update;-143.83520129448976;-38.2914275217039;-5.3881758099715995;1.2473234119175074
update;-143.8618663227572;-38.30881293739622;-8.95366910973626;0.5093616510345832
update;-143.87328162805417;-38.32509314774581;-6.214656060112068;0.0686367259729782
update;-143.8360137048282;-38.337851598219224;-9.758594863695702;-0.34679518572989404
update;-143.8735698357378;-38.35505429700993;-7.019188863025909;-0.9057877299814706
update;-143.85065022610235;-38.36833229004746;-4.2797390012361465;-2.1652881752175626
update;-143.86153453440426;-38.383983732764314;-7.8237181052601725;-33.03298491961341
update;-143.89171158158305;-38.40022660540473;-5.083639370814364;2.5686975237200422
update;-143.8530537452736;-38.41263418309791;-8.627183631815274;1.024694736640068
update;-143.93255060528602;-38.43254506555934;-5.887554421942916;0.41765257003312883
update;-143.86362493683285;-38.44280985825758;-9.430368126362799;-0.005590223824948119
update;-143.902582493879;-38.46039344217233;-6.6902452430694765;-0.43114020068241876
update;-143.9287410812881;-38.4767428272589;-3.950222306584113;-1.0475768189800836
update;-143.89884462228932;-38.489450436641725;-7.492798797381537;-2.6472263287781646
update;-143.92765620962805;-38.50632251251267;-4.752546471149612;24.8885670346506
update;-143.91244416277374;-38.51172379502407;-8.295064075176159;2.118179372894944
update;-143.93721587071337;-38.53352821926417;-5.5534810707144855;0.8943850363115762
update;-143.99829054845918;-38.582800533821576;-9.094047076941855;0.343341705686593
update;-144.1506797841129;-38.512450406918326;-6.350829538043625;-0.06774759423585479
update;-144.12534505796293;-38.686659525217905;-3.607061263024982;-0.502278327478987
update;-144.34399268104795;-38.49142365779247;-7.145300305597756;-1.1665366810944215
update;-144.29061873682005;-38.75519992604159;-4.399138987492747;-3.087232286426816
update;-144.59245654658818;-38.56124171214366;-7.936259558589095;12.126489982796175
update;-144.58367319528185;-38.73164144844121;-5.187978051108239;1.941682706822115
update;-144.82244277929996;-38.7267177713298;-8.722753124665985;0.8457556541243512
update;-145.1462556328441;-38.63374210126948;-5.973413598489742;0.32007580726430324
update;-145.02417947921523;-38.93495322832668;-9.505980610811372;-0.08138160196726636
update;-145.67572709967118;-38.543665064606614;-6.754765013054087;-0.509954811135606
update;-145.46381145872584;-39.0830983827191;-4.001512794688574;-1.1613682695589422
update;-146.08105358982328;-38.595010640158726;-7.531069750143576;-2.9884270205795094
update;-146.12000632632717;-39.074248768610055;-4.7749217340843115;15.970769757664899
update;-146.51157885880247;-38.81394438161411;-8.302052630280468;2.0803941011628573
update;-146.90155463486167;-38.923437233633884;-5.544701478622665;0.9103131219670904
update;-146.93450222956616;-39.102651174972266;-9.06936524425876;0.3711746366369473
update;-147.6731795751081;-38.73414454354341;-6.3095561540909255;-0.02637696156414174
update;-147.5483274878673;-39.363253197635736;-3.548453358966434;-0.4309039571175975
update;-148.31624784150424;-38.67547871653862;-7.069098582566921;-1.001030755025212
update;-148.19467891847398;-39.459404494541126;-4.304468573940791;-2.3139524600937804
update;-148.9187258320049;-38.85575089438779;-7.822904850593055;-32.16800287360584
update;-148.99729348782256;-39.36023576352259;-5.055229044280825;2.801626305805999
update;-149.44599910842672;-39.20373974568124;-8.570636174225868;1.1478865307434833
update;-150.07379701571088;-39.105206745217124;-5.801014243837182;0.5233734699790324
update;-150.06757256563105;-39.58126842542116;-9.31402837415176;0.11120461782886375
update;-151.19547832814104;-38.872289558451875;-6.542350593813712;-0.26512795602982825
update;-150.7959130442954;-39.845403508834785;-3.7686755566436707;-0.724656349255134
update;-152.0882326618697;-38.91068531410941;-7.275887308591377;-1.5326888084825692
update;-151.85113335266968;-39.91008833005287;-4.495780815029704;-4.544201552239729
update;-152.74326574639562;-39.24995544135789;-7.998081577570596;6.891528036796879
update;-153.17096006200043;-39.72455589836265;-5.215166849744085;1.8184631983644637
update;-153.43782749564303;-39.67224407482574;-8.71533626769345;0.858558352518511
update;-154.34064309883343;-39.39633461076403;-5.930164810579775;0.3684552485701649
update;-154.19852787613755;-40.04881909439872;-9.427419622826239;-0.0026416682017156236
update;-155.32856033552264;-39.172244627186664;-6.639438263666367;-0.3721309354593917
update;-155.12609881386945;-40.27180627121591;-3.8489302047219542;-0.8549097861762226
update;-156.30782211298018;-39.25249643563805;-7.338968774283175;-1.7669137836511772
update;-156.16669087707598;-40.29645661733574;-4.542201606376734;-5.819037582879661
update;-157.1312864895961;-39.608073939053625;-8.027626104617585;5.700895247011009
update;-159.47481713720694;-40.28493144044957;-5.246695965758349;1.6899963519134358
update;-174.15806581493493;14.314987751394991;-6.299810637013138;-0.016626861758800775
update;-142.48561606960632;-56.52783790263622;2.5493153026690956;-0.6728589865483796
update;-136.06772999992938;-86.76424257413231;-0.533745457596007;-0.5909593702596003
update;-135.93254049567324;-88.88044104337135;-3.5290040361551727;-0.40803211871003064
update;-136.09407323314616;-88.32023703033569;-6.521227987239196;-0.24264315675171533
update;-135.29729723099;-88.75048910547335;-3.231039733136004;-0.08968639426002488
update;-135.51532322894124;-88.36425421876469;-6.224105800355437;0.05914833973021826
update;-134.95255148021874;-88.65015280718522;-9.218887500072519;0.20884994564458037
update;-134.8034809277407;-88.40202634845224;-5.93197084609338;0.36640538882991613
update;-134.37841324540702;-88.5169007210058;-8.93024808163949;0.5392209225387221
update;-134.13401681617253;-88.45285103929733;-5.6448772227121085;0.7419173070499492
update;-133.97102116901777;-88.39721318030524;-8.64613981991409;0.9865705338428554
update;-133.59452948443388;-88.50447172693593;-5.364154818208345;1.310625468135462
update;-133.45117561436098;-88.28438368161177;-8.370764740293902;1.7596395999351098
update;-133.1559779665963;-88.55363898668925;-5.096675178181548;2.472852700562267
update;-132.95689350771983;-88.20955370596504;-8.115274659405337;3.7396242005297013
update;-132.5709913934472;-88.58670466522207;-4.852815655747233;7.074283590966174
update;-132.65329450790983;-88.13942025314213;-7.880714667654054;37.39799164845245
update;-132.96620668530093;-88.70582360545882;-4.63140170799018;-12.320611636181914
update;-286.754979868653;151.21713309104774;-5.456698881241676;1.0857480223325178
update;-150.54902018939674;-72.76626891561466;-3.1423841620740416;-7.91508649537967E-4
update;-152.57948073572493;-76.06100991251559;-6.40572393501508;-0.12315566927821905
update;-154.75862097216137;-76.27242770079329;-3.3880677789248117;-0.2515905873469475
update;-152.58976190596485;-76.14278866722816;-6.737883811419545;-0.48886315414390935
update;-152.80851091107576;-76.17321394580605;-3.714348942409503;-0.6448641282742105
update;-152.85318662402375;-76.18540000116035;-6.974256382494405;-0.8271383692165228
update;-152.95497184416777;-76.22466779622357;-3.9507808624481533;-1.048749029669577
update;-153.01883995217474;-76.20478324593478;-7.211500905992985;-1.3361715869282342
update;-152.84662946053257;-76.26799190185694;-4.188545308968436;-1.7310716396131125
update;-152.80880019030036;-76.1892130688662;-7.448023484108747;-2.3264782665335497
update;-152.79853257607783;-76.30009265239974;-4.422888554029404;-3.3571826824884075
update;-152.7116489208858;-76.20400376410468;-7.680905601934805;-5.719999970670896
update;-152.79985601980087;-76.31682152096812;-4.65525277674249;-17.482988324382966
update;-152.93164654077918;-76.25612160319679;-7.911707517774286;17.30400520862535
update;-152.72949165855053;-76.3198877139129;-4.884594766250572;5.749490082527314
update;-152.7901970370013;-76.28926105714007;-8.140300800155234;3.3966404387439115
update;-152.7384372088832;-76.32417312360519;-5.1110258484791835;2.374240369992196
update;-152.67656757945966;-76.32025240482787;-8.365161996845165;1.7828190589371327
update;-152.5944809071241;-76.32823193657546;-5.334950591733585;1.3931781788281898
update;-151.9261374733895;-76.28571486893098;-8.616624033307787;1.046579521006456
update;-152.38248160625818;-76.18730384019169;-5.811205385241206;0.5104592079218362
update;-152.35649837725794;-76.15432194275363;-9.04481611766209;0.39936847804576453
update;-152.40649017141072;-76.1675175817772;-5.995487308042351;0.2959075086562654
update;-152.3652568630611;-76.17610851468653;-9.22918101433109;0.19813011267646063
update;-152.38652549591924;-76.1893270576935;-6.179598884366714;0.10395851913483066
update;-152.48258703812226;-76.20769583683581;-9.413590354292957;0.011188073256201607
update;-152.3994652569986;-76.21360395910718;-6.363999100349202;-0.0809901820764441
update;-152.47278682177628;-76.23053375225687;-3.314292616082364;-0.17443763750521646
update;-152.54861267515585;-76.24625962842549;-6.547343707309706;-0.27047917811270555
update;-152.4850540270932;-76.25339487729445;-3.497577453710265;-0.371825674869592
update;-152.6073584929945;-76.27336978477744;-6.730819143642967;-0.480140102608855
update;-152.53636166614552;-76.27999022484224;-3.6798515569092296;-0.5970653878883945
update;-152.55700349618118;-76.29411015788146;-6.913168643024331;-0.729089206592761
update;-152.64467696813918;-76.31084709463069;-3.862812931431569;-0.8792291883565637
update;-153.82122134013312;-76.37711937632298;-7.094615010397801;-1.053466985285342
update;-152.42569127531218;-76.30432083552805;-4.134340624149962;-1.53284277621369
update;-152.43353128121166;-76.32297374632027;-7.3661170774336675;-1.8844874051244258
update;-152.48364553850578;-76.3383987888107;-4.314561707322763;-2.3796240157331097
update;-152.4682040991531;-76.34869882290805;-7.545949095800949;-3.1430773495031112
update;-152.4730055287307;-76.36057164253687;-4.493896397247674;-4.503750684863286
update;-152.5595082053051;-76.37750418450614;-7.724766075837922;-7.695886284189627
update;-152.47053939152687;-76.38287100147711;-4.67282272746238;-25.260873655042246
update;-152.50242617729873;-76.3971250008698;-7.90399548468136;19.97778718724256
update;-152.50440643765072;-76.4080773298181;-4.850856606224645;7.175689734987424
update;-152.48004893733304;-76.41841723492044;-8.081945698723356;4.310403704042569
update;-152.546454219344;-76.433939266492;-5.029257529984723;3.0495460944050543
update;-152.46943552326158;-76.44034298685254;-8.258877858007999;2.333304734806233
update;-152.50112880678418;-76.45522361501092;-5.206072582703621;1.8582902047601078
update;-152.47845680996235;-76.46515604984684;-8.43622315805164;1.5188869308967141
update;-152.42062170842573;-76.47298608744214;-5.382590268729289;1.2616993320811534
update;-152.49314048206034;-76.48960869026072;-8.61196649646531;1.0563864662927775
update;-152.42402952774435;-76.4963932398592;-5.558236886459222;0.8858611190693031
update;-152.38118759952545;-76.5054419131538;-8.787554765797672;0.740236601717541
update;-152.44884580228327;-76.52110375223243;-5.733084014498031;0.6132445903425816
update;-152.39004804978725;-76.52859007538673;-8.96259832630468;0.4981663763691454
update;-152.46331335898776;-76.54519330520792;-5.908674053145472;0.39306221126978275
update;-152.40524008741787;-76.55263530609051;-9.136779851954138;0.2962339253110546
update;-152.4285773782385;-76.56670912467973;-6.082343741450519;0.20358633201445273
update;-152.46383966734234;-76.58034445169369;-9.310914244619847;0.11435836049444552
update;-152.3882610737676;-76.58692682109385;-6.255479863375508;0.02771253480341359
update;-152.4379789792535;-76.60303940781257;-9.48378561748073;-0.05907623855421774
update;-152.43279167410546;-76.6138105961633;-6.42848429241168;-0.1463302019110928
update;-152.39665676686596;-76.62294397139627;-3.3728299820534544;-0.23544890391234247
update;-152.46946912925407;-76.63916921929089;-6.6000460554044;-0.32790901342335793
update;-152.41657249654995;-76.64697745209004;-3.5441843645080384;-0.42585156668034363
update;-152.43996483455004;-76.6602621420974;-6.771255935547796;-0.5309124078727059
update;-152.4697462041189;-76.67319261534286;-3.714683525668863;-0.6453379501461396
update;-152.41368483899228;-76.68099541590223;-6.9419943481344575;-0.7741983542620393
update;-152.48606718557926;-76.69761360084773;-3.8859452979361895;-0.9211030176852075
update;-152.46282882661535;-76.70675588750248;-7.111828301077624;-1.0904578931897597
update;-152.43227443337722;-76.71673511562183;-4.0554219972490655;-1.2965856911619356
update;-152.51497507897568;-76.73326380640837;-7.2817105581949475;-1.5523675168740363
update;-152.4167711552084;-76.73829534026534;-4.224384541398274;-1.8838509269354762
update;-152.49691730964724;-76.7561738840175;-7.450323427748634;-2.3413060237580714
update;-152.47001334357108;-76.76556735931108;-4.393034498741967;-3.0241342560253517
update;-152.4189567519127;-76.77385821756017;-7.618536767178645;-4.168505636684409
update;-152.46710668288827;-76.78872126324563;-4.560603984386919;-6.537593592392298
update;-152.44675932617812;-76.79884973037953;-7.786155103473323;-14.72087754881804
update;-152.45200236685906;-76.81073299637335;-4.728263159276274;62.99009283563646
update;-152.5001838310391;-76.8241275528887;-7.953238940103571;10.041717588705946
update;-152.40954864756804;-76.82937003988644;-4.896421347257701;5.372343683920911
update;-152.4866727149582;-76.84684724767168;-8.142308737931325;3.371637084326223
update;-152.48187094937637;-76.8561401121472;-5.085296814726908;2.556157300003181
update;-152.45513179854035;-76.8694145371268;-8.311457747381752;2.0312435130357005
update;-152.49730147198477;-76.88186017592145;-5.25345001063566;1.6642456971717141
update;-152.4656026890118;-76.89050195651662;-8.477672429614291;1.389862524068572
update;-152.44483640000237;-76.9002622086703;-5.418449439364104;1.1727430392438738
update;-152.41675868644361;-76.91003605143767;-8.642214123019293;0.9943473550052954
update;-152.43719253679592;-76.92310684588769;-5.582710893485169;0.8430996910732258
update;-152.40284986983366;-76.93211081893732;-8.805747839319777;0.7124458265743568
update;-152.36170116267104;-76.94126046279995;-5.745919827624768;0.5957186197668801
update;-152.35193322053817;-76.9523420376343;-8.968977511098128;0.49022918684561834
update;-152.3451235945133;-76.9630431311169;-5.908110357565459;0.39371314092799087
update;-152.28726003191994;-76.98657221139536;-9.13181717736;0.30164008917475604
update;-152.35896658142207;-76.94892100327623;-6.073443590083683;0.21287244262116403
update;-152.28421615303293;-77.05445731853887;-9.299115301149898;0.12632831522054302
update;-152.39622786683742;-76.9266107886429;-6.243787359929685;0.03941834438904839
update;-152.30227248543665;-77.1259728621722;-9.472599932768857;-0.04785846072177903
update;-152.470634925388;-76.89585624284237;-6.4204057070363625;-0.13808819751028112
update;-150.8196277051161;-75.70588079754545;-3.4139187298182643;-0.2792639957583072
update;-169.78454445263893;-63.156609925067514;-7.451562881070025;-2.349363191114231
update;-169.36854225506212;-63.678562219189125;-4.40971775590262;-3.2024030002290114
update;-169.93167332607422;-63.28360772981034;-7.648893853692438;-4.807405853286141
update;-169.83540311833747;-63.70813961384339;-4.600601687822012;-8.908267089706326
update;-170.18900741031547;-63.39869729468361;-7.833532198885829;-48.89428967828423
update;-170.2526635540024;-63.71038780119272;-4.780872829880879;14.579147820048341
update;-170.4017298179124;-63.478436524420616;-8.012650053456358;6.249472929192716
update;-170.4834229282146;-63.72118211182184;-4.958356126725867;3.9832619609875164
update;-170.67606025412312;-63.5223309543895;-8.186476980606827;2.895903555616669
update;-170.7005535139614;-63.71694722252218;-5.12862258957696;2.2621230590069894
update;-170.99670636024;-63.55852608734627;-8.352552612573092;1.8367212540712483
update;-170.93955152781402;-63.701151294726536;-5.290969120526238;1.5310629597631666
update;-171.17003681920613;-63.613266876990906;-8.512643508780949;1.2920514187561365
update;-171.317476817818;-63.6883447142562;-5.449041263699403;1.1025730289445477
update;-171.32265452226238;-63.664948978175566;-8.668861127213837;0.9427097346421437
update;-171.56867777946712;-63.67270590714555;-5.607671173063917;0.8012688197888549
update;-171.4514462618717;-63.71426138180587;-8.833946288175797;0.670760832440978
update;-171.61769808662487;-63.65270081617334;-5.772219985003808;0.5606267550066492
update;-171.68755622038114;-63.714393340075326;-8.987070771694956;0.4679825660428227
update;-171.80377190974795;-63.62648361295206;-5.920529443433258;0.37943803712596086
update;-171.7316745647563;-63.755209920153604;-9.1392755912804;0.29352117349854384
update;-171.78415380387662;-63.60185417866691;-6.074582597384849;0.21168210966950324
update;-171.7170892038027;-63.780475428729986;-9.294342101998524;0.13118065187135833
update;-171.95575808228568;-63.63440385713181;-6.230946572037234;0.0522863049094116
update;-171.72192379878675;-63.75017489472706;-9.45282377995751;-0.028053174816812323
update;-171.97718234282692;-63.655283984014;-6.391362055069319;-0.10860070144068829
update;-171.9298797987296;-63.81437329313754;-3.3280665185559752;-0.1886657445104915
update;-171.9458514538743;-63.64549485225161;-6.54717860286771;-0.2703020027077516
update;-171.9599979081795;-63.84583246653602;-3.481874163675107;-0.35405364497134245
update;-172.11445181345505;-63.62679890278694;-6.698627690264232;-0.44111708308923253
update;-172.0083654829721;-63.91266203161042;-3.6295297200864924;-0.5307412113240929
update;-172.28345960490765;-63.59529941503871;-6.840658867790978;-0.6234355973732443
update;-172.12701419489827;-63.896777231509944;-3.7679550803943185;-0.7235581048016833
update;-172.34072132795254;-63.68504049358664;-6.97959930307317;-0.8361767205255396
update;-172.19765948480196;-63.96216124518044;-3.9059393536119;-0.9587591609293343
update;-172.4297869879136;-63.665163182335746;-7.114240177517717;-1.0957516612242515
update;-172.37262885024066;-63.994742116007146;-4.036716420037528;-1.2476155046672406
update;-172.34461624775093;-63.77528638883127;-7.245243386929483;-1.4346329321297775
update;-172.4470014641445;-64.0132297815592;-4.169922466869073;-1.6589597882245601
update;-172.52326569722064;-63.81423986290406;-7.377677483731123;-1.9382764122271656
update;-172.25698367245198;-64.09562517564676;-4.299288298045335;-2.28142465629678
update;-172.53844991714027;-63.79200351316559;-7.501827499482278;-2.721298856344318
update;-172.356993681631;-64.10921745791401;-4.4205199251595495;-3.328347249223085
update;-172.55189037125214;-63.79870288142742;-7.621314135900832;-4.220141732756737
update;-172.44774718517596;-64.1520370321748;-4.535857586332211;-5.605748383619148
update;-172.65490857573872;-63.82485845285092;-7.73300914110282;-8.225978450614377
update;-172.57612805359926;-64.18927362872539;-4.643787640290852;-14.554100424562757
update;-172.6598043154118;-63.90256601150572;-7.838997448456652;-66.73203263208934
update;-172.6552556640735;-64.16846152092741;-4.750796593225925;26.023701104780976
update;-172.8339061703292;-63.95318200373533;-7.945803192615488;10.860064175302663
update;-172.69162179849786;-64.12855999091536;-4.857750082268846;6.830897415056608
update;-172.81966130053547;-64.00831486917758;-8.053595848974904;4.9429477686091605
update;-172.80526967275955;-64.12436247526158;-4.965418171038701;3.8674079125507212
update;-172.79965040453388;-64.0463874116239;-8.161247784155753;3.151434968436815
update;-172.822504897681;-64.13702008077384;-5.072383379918577;2.6567731430218444
update;-172.8141221591413;-64.0632336576734;-8.284959168004091;2.174836420129312
update;-172.89430249753664;-64.14961157586043;-5.193487482234509;1.9156798982654935
update;-172.85624450000176;-64.10173822023305;-8.38666124765713;1.6962889516160946
update;-172.94083307771712;-64.11126806026623;-5.298980631864646;1.5045953229397762
update;-173.03752344008996;-64.14690099037382;-8.498651653675369;1.330091409806489
update;-173.1421505597672;-64.019968430132;-5.421030603629131;1.1666304216234245
update;-173.25685036566503;-64.20752002165408;-8.632480840497259;1.0138939882064277
update;-173.63292574315375;-63.936909541030246;-5.564114811017861;0.87542471608671
update;-173.54669155256508;-64.28088669046203;-8.78358358454796;0.7464019487811532
update;-174.18328449225427;-63.85583460065582;-5.722407668610689;0.628033365314421
update;-174.1352676274044;-64.35242617611465;-8.950495830136301;0.5133647195627563
update;-174.82480313159914;-63.80527097519083;-5.899035648502711;0.40423239326121096
update;-174.7794529447525;-64.34108162996701;-9.126567424032906;0.3073766371910547
update;-175.26518620280416;-63.878698431751396;-6.063629178247144;0.22315340061758107
update;-175.39141846694403;-64.28838099491426;-9.276635971177607;0.14923529857895917
update;-175.6910254221679;-63.95995255356224;-6.199045375341473;0.08433905273468406
update;-175.70895048317863;-64.25035851602306;-9.400028592330123;0.024754422931438067
update;-176.114861307659;-63.94656753439117;-6.319567584863148;-0.03639833889891944
update;-175.93377020411856;-64.3296336484615;-3.2439000430212808;-0.10266583394052191
update;-176.471162607811;-63.94692791455429;-6.458242899967208;-0.17686801094573829
update;-176.52555832250565;-64.42545384158424;-3.393497318878989;-0.257371759376418
update;-176.9539663841255;-63.95854475369155;-6.617546782448108;-0.34740536739619315
update;-177.13353927572987;-64.50483988911462;-3.5598333412676517;-0.4444640339148551
update;-177.6464914591425;-63.99548500304309;-6.786945560625744;-0.5511950509669828
update;-177.80139956173053;-64.60033271418845;-3.7318022625720095;-0.669859265978542
update;-178.45551392151577;-64.01791621189626;-6.958189748853892;-0.8004322302231789
update;-178.62392846870867;-64.65825384767301;-3.8965252363179124;-0.940852501144698
update;-179.43931127806118;-64.05784349536158;-7.110675586270281;-1.0879376538217247
update;-179.45367968441496;-64.74579011616068;-4.030863537942795;-1.2327606541162468
update;-180.13665100513705;-64.14762468277846;-7.229789602312691;-1.3883940643612172
update;-180.36135106985338;-64.85995196116387;-4.138890266434136;-1.5481894213966265
update;-180.91699317296857;-64.21963478577538;-7.326048871828064;-1.7148439203221033
update;-181.18651918795177;-64.92014235774751;-4.22431002164502;-1.8835119920339942
update;-181.9362847357355;-64.25558609847778;-7.401780963935135;-2.05857833871886
update;-181.96037674819127;-64.98360357454033;-4.293296251196036;-2.244745592628994
update;-182.67023084365036;-64.34482683544434;-7.467816326247739;-2.4595446561636956
update;-182.80628978506425;-65.03172076081457;-4.356859939135838;-2.6931892430193467
update;-183.55312018884976;-64.41057756623742;-7.526919858609208;-2.947720305750588
update;-183.57017609083078;-65.11545920661065;-4.407980613291905;-3.1829589397344824
update;-184.24105415446996;-64.5067008965589;-7.570062739057012;-3.4269804547868152
update;-184.45590284355018;-65.18568061474092;-4.446351413757687;-3.6697671859750676
update;-184.97144541085765;-64.56899961914733;-7.606367276697985;-3.9556605576180637
update;-185.09459706832396;-65.19717319168024;-4.482249946808633;-4.268214187618001
update;-185.81003462554656;-64.6022008515699;-7.641747033303423;-4.640808835720893
update;-185.77667544924088;-65.22214541022004;-4.517335135860554;-5.061606030000703
update;-186.41331129115306;-64.66793519017534;-7.677571939519209;-5.60969711576994
update;-186.63349786617627;-65.25637786883478;-4.55319384282739;-6.228443975650621
update;-187.15022295153065;-64.71472601567618;-7.7127920192419;-7.035548036196427
update;-187.33808239009215;-65.32037208425587;-4.5867577324538225;-7.917881913335851
update;-187.96151551636706;-64.76188772270633;-7.745697022262258;-9.198799409120811
update;-188.18420116230212;-65.3720374356507;-4.619183521722909;-10.697898849946643
update;-188.77425777002227;-64.74724204781454;-7.772505137780302;-12.246307342703794
update;-188.89609299395838;-65.41322734800974;-4.636343411039965;-13.124651733914142
update;-189.71161798484428;-64.75924108369342;-7.781293356975008;-13.733138620534074
update;-189.67045678953517;-65.4406228538923;-4.6422912220498915;-14.242417851132746
update;-190.31367143273442;-64.8201667271204;-7.785207686684622;-14.517457894543162
update;-190.54183333834214;-65.47086803883076;-4.641863267571885;-14.15570933542098
update;-190.94258480430048;-64.89006842059398;-7.782845714781775;-14.033875839584681
update;-191.14290128136778;-65.50397247002752;-4.637833033862996;-13.387885159122133
update;-192.07039158387826;-64.8590257924563;-7.775180094254019;-12.663829309931264
update;-192.1162673993684;-65.47302949142583;-4.629649757875512;-12.058573930381357
update;-192.72659166157356;-64.88276236072097;-7.768446731241025;-11.662608338105603
update;-192.82437773218393;-65.48534404438439;-4.622590733971124;-11.10612607035821
update;-195.5990269638777;-67.21864895553303;-7.768798777067554;-11.71104326639845
update;-107.97214517165709;26.344069479572756;3.0125850581480687;-0.12972808163438213
update;-101.39603797217808;-2.144051645138191;5.065575974980112;-2.7126415146439955
update;-83.85110746124083;-63.26024006165446;1.5986255162908192;-35.92421662947593
update;-73.65649993135882;-86.99456540008796;-1.4861384416551555;-11.784015987219234
update;-73.62849486965723;-87.59415490408485;-4.471941852513041;-4.0784587915040245
update;-73.64441613262727;-87.61994904121791;-7.456494971237314;-2.3818952105912734
update;-73.79669457277144;-87.66035010405125;-4.158848496260278;-1.6181565555466424
update;-74.10911839236856;-87.72715161970984;-7.152035059627927;-1.1825622859846603
update;461.49367464259416;-317.76389068298295;-1.4104545461267044;-6.1831385590303825
update;35.69679540488772;-114.32299353792035;-0.5634939303418611;-0.6318275147901191
update;1.1565795611094032;-111.47863803872332;-0.5108356405137112;-0.5604563264820605
update;-8.614221656351443;-91.07099679558826;-0.47321238560689577;-0.5120137917373112
update;-4.4466253950214565;-90.05942914051873;0.04946732576255397;0.04950771441347438
update;-5.914101722487334;-89.35804575525191;-0.4093023756681784;-0.4338020473168469
update;-4.114358082526809;-88.87624373611193;-0.01377059845403844;-0.013771468956758195
update;-4.026041608248251;-88.57604310076148;-0.20145685221280962;-0.20422720087848567
update;-3.1686222786104565;-88.27584109608406;0.099233716043337;0.0995607332653094
update;-2.5628920447770387;-88.20048806663218;0.12359281357637575;0.12422598354464816
update;-1.9034315379628257;-88.12759094339732;0.14126343369047864;0.1422106493367164
update;-1.3297536017152554;-88.03061040733078;0.1752248967171886;0.17704055363317103
update;4.538915782111398;-85.11283446152171;1.304922399554492;3.6721360108128858
update;-82.60863145097169;-36.88064175745069;2.3852304724986104;-0.9435512166026775
update;-102.37686885350658;-47.677642679536525;0.9202336437213612;1.3139004947860715
update;-92.64603427728382;-45.18582319175109;-0.6509961953956864;-0.76177749838369
update;-93.64733342686502;-45.96680087932093;-2.1551912849213446;1.5117886928983102
update;-93.46679383872498;-46.22259165603728;-3.669508501950645;-0.583120784852482
update;-93.97696669433556;-45.363924077777284;-5.1955158732285875;1.9062443095972599
update;-94.88025434601911;-44.97445452300188;-6.723777985985298;-0.47150476620157805
update;-95.07174033940126;-45.80849692950183;-1.974608257606513;2.3403099834575043
update;-94.64670377014221;-46.24545203398227;-3.512864121376702;-0.38932662880581964
update;-95.07697841490828;-45.44132641495051;-5.062593229881239;2.7377760034837157
update;-96.06211684131718;-44.89402103563755;-6.614396364031289;-0.34387857175120523
update;-96.37515727035426;-45.70581836431684;-1.8914792892748573;3.010710225686925
update;-96.14520312922701;-46.238162220781824;-3.4608884166506053;-0.33060801196213147
update;-92.92998227728768;-45.23576859417629;-5.063393839162476;2.73098936753091
update;-125.95312250496613;11.243491536305967;-5.01303746670324;3.2253181640035544
update;-145.16770944713176;-29.90581724752996;-1.2778443830562902;-3.315315200409552
update;-102.41872355476994;70.05653003942025;-3.8163893391663963;-0.800091423176085
update;-102.15867949097417;76.43083591224405;-0.767933795545241;-0.9656673713493532
update;-102.12692944165624;76.7213922574015;2.2642794782198346;-1.2030671256040826
update;-102.22064362546854;76.62760974649883;5.298689678714046;-1.5055453538130787
update;-102.03266264278679;76.65693841682805;8.337751854039354;-1.9032669317772066
update;-102.00708992825712;76.71122361571766;5.094702031978155;-2.486960491194232
update;-101.96488662962126;76.59502733499012;8.140268467192307;-3.397045846999613
update;-101.72709835752016;76.78899890071018;4.902681535130911;-5.191481835227722
update;-101.88112405449793;76.55014988132825;7.955748972753261;-9.792389473790177
update;-101.39354818326848;76.85382861303745;4.726903856757735;-68.88999576038294
update;-101.59230051490587;76.49681972132362;7.787620419291422;15.046916134405816
update;-101.1940379084173;76.92863643083132;4.5658392657908;6.774702987592818
update;-101.31764778447612;76.45728134092839;7.636069324033844;4.516133448823465
update;-100.76205437455295;76.97749882190448;4.421907182996808;3.3451801371746575
update;-100.97946138561373;76.42143677720128;7.498240701996828;2.6914414493575003
update;-100.3600417640457;77.03335677153409;4.2898651785492365;2.2241840292357193
update;-100.79265594375606;76.41357263190704;7.372017071432582;1.9116422403693019
update;-99.99305026190802;77.08463621436294;4.1700377569163365;1.6593924562509523
update;-97.77704061521248;76.26666301904673;7.232193319906334;1.3954548571506649
update;38.21580558352029;134.9915343553421;4.517467378277967;5.065128661982838
update;-31.623831079094316;90.71688582185928;7.162202230692071;1.2072453969055839
update;-27.92121418394239;91.14375898086224;3.766259773750915;0.7209784054624011
update;-28.58822301594591;90.50556572892202;6.651847010859219;0.3863243327884355
update;-26.78602870787051;90.9527438709033;3.246485417523168;0.10527915847304412
update;-27.687929834962322;90.39312658896944;6.1342010132053;-0.15009647052352973
update;-26.059854018015837;90.75433262159301;9.01840320925245;-0.4303278927922892
update;-26.52676026318411;90.27366104491465;5.628157695774015;-0.768168025284874
update;-25.46923419042636;90.49150192646205;8.521516613212237;-1.2686334425432482
update;-25.549735966923627;90.22844314831738;5.139326559279251;-2.1981903335926716
update;-24.918962549520717;90.19264761119256;8.043616986395257;-5.209914507518516
update;-24.560904842110602;90.18199435226084;4.665776886616021;21.438120135535325
update;-24.4317159568883;89.90747740223054;7.575625492927536;3.499251760862137
update;-23.344235852279958;90.04419560638495;4.1968617928489085;1.7647956570509116
update;-23.780339578482828;89.68796274207487;7.108128963770307;1.0823921798120677
update;-22.13395083392201;89.93474940444798;3.727889742383682;0.6642059408393617
update;-22.756702603243433;89.47926275637501;6.63913307788798;0.37178352656116315
update;-20.879037853146087;89.78221933924635;3.258120814272334;0.11705847931229557
update;-21.57901686724363;89.30495655963811;6.171228531482644;-0.11242690025118189
update;-19.806107039862805;89.60304011132529;9.078256819211875;-0.3610910772779196
update;-16.20713195157686;86.20619136325155;5.722706623940633;-0.6276165724990967
update;30.156396987084058;82.52507889468035;8.677258814604004;-0.9269732181610997
update;25.152010032906535;83.04820519098132;5.237979627343355;-1.7241107051576503
update;26.382037606240242;83.0849279208124;8.101289397207282;-3.960770703101519
update;25.240693979135983;83.29621089717034;4.692078392945637;49.22863469924524
update;26.66495543759917;83.02191603879965;7.56563863885259;3.3714405539338523
update;24.42753092971827;83.6239105078613;4.16812168869944;1.6522231207388114
update;25.031459607452046;83.53273311686424;7.067017508459337;0.9968729700190213
update;23.106849245636756;84.20271998497311;3.6924559821490184;0.6142936947001707
update;23.325605552549757;84.16254394554875;6.61941715204561;0.34950283814850314
update;21.350323691386254;84.7401352774198;3.27340186439878;0.1325778896513817
update;20.84148938740615;84.91303051468631;6.236037738847681;-0.047182534091968806
update;19.68479418415112;85.21879038394357;9.207305728301584;-0.22096674513536183
update;19.378771194587827;85.22383752343616;5.918074768504709;-0.38224874304629375
update;18.530400303970307;85.5197469357201;8.92033054446228;-0.5520913245031596
update;18.144841844248507;85.52656155479995;5.660747477284012;-0.7175957393879966
update;17.798655090214588;85.66817754495409;8.690162444865194;-0.9032640420444267
update;17.334236489796634;85.60789526347904;5.457557002146668;-1.0838800465961127
update;17.738406298586426;85.65700573661834;8.509283385180666;-1.3010600666938676
update;17.4022723356227;85.66039251323613;5.290577491607184;-1.5323734129217168
update;17.917462634962444;85.57365775300512;8.35535087985749;-1.8245454536924162
update;17.582925455797888;85.69385866687364;5.148134499567787;-2.147796466118324
update;18.136731466920743;85.51750728530841;8.228111906895947;-2.5469762049298175
update;17.43114949848103;85.6672728857111;5.036864394138742;-2.972972279742894
update;17.487214268927605;85.29039610799605;8.136955414138155;-3.439064323458828
update;16.450316894142016;85.4196742084402;4.972688947311942;-3.7545604459618014
update;17.346787276866493;85.11169701571373;8.096867874711565;-4.035871466012059
update;16.564441988667575;85.28645015255483;4.948484275503337;-4.156585397959045
update;17.358709996960453;84.9560186548841;8.084889743824782;-4.253482701558355
update;16.47415138482997;85.10615793924592;4.951502564462869;-4.1021028804407065
update;17.07199848805437;84.76378810322366;8.10731815516883;-3.862509708790194
update;16.471721680629166;84.8729373441869;4.990834036973984;-3.49807446188607
update;16.236480865755087;84.28893953361786;8.1575395708204;-3.192450968494904
update;-54.36214509254077;-166.31929601435294;5.563050383752034;-0.8773066411461864
update;-44.509722077961555;-38.06103939519443;2.4947615852383747;-0.7552161081613523
update;-32.08680990866816;-37.898353720681;-0.823582558852614;-1.079440803211841
update;-33.41810764340938;-38.9088527501096;-4.06856827462777;-1.3324459421030792
update;-34.485330681186525;-38.47080134046711;-7.330463921490608;-1.7323751055604835
update;-35.255136972845364;-39.3215079275585;-4.302293368459182;-2.300199587559666
update;-36.36541936798815;-38.86231785077764;-7.581049585888956;-3.5724832575330168
update;-36.12700070409878;-39.47522395848773;-4.588054350976709;-8.001323949720257
update;-37.05306995188716;-39.275961709838185;-7.905911587089543;19.239395989080048
update;-37.34955262156843;-39.53980932505841;-4.9671392427554695;3.840126599557897
update;-37.31478340039864;-39.81545079305731;-8.343718466458345;1.8759960790004722
update;-39.2353662518054;-39.65185147406967;-5.494822956638966;1.0059460168076328
update;138.4692298268978;-171.10801521946624;-1.5108239365560432;-16.654343983783782
update;12.411046210720798;-85.76174133842602;-1.0019359096159612;-1.5640592822392674
update;-7.682502969244661;-77.81470450960026;-1.443083770565158;-7.7874664480432
update;2.157504772140725;-74.68721232694936;-1.2255222626556392;-2.780233409336743
update;-1.4680923312934708;-69.78418561117634;-1.819776453543633;3.933046410491699
update;-1.2821255445842483;-70.29588485792404;-1.8690105568180733;3.253294910626408
update;-0.9936862553552405;-70.80453545642092;-1.9180906981032446;2.7626952250790637
update;-0.5931251133114428;-71.30986203214704;-1.9640039540952166;2.4107452536673115
update;-0.09699944227581103;-71.81157129912266;-2.000840178681702;2.1801972252418453
update;0.5035405836336763;-72.31414061715623;-2.0274478347564298;2.0354774922595578
update;1.1301506315250793;-72.83295392982211;-2.0464351056471974;1.9414456153829764
update;1.910571907490847;-73.33467919691509;-2.047857200548763;1.9346820138279277
update;2.8000944038065687;-73.85357685204337;-2.0245579935146116;2.050428419118604
update;3.793641180389988;-74.36401090141456;-1.9724403261943373;2.3544234138416176
update;4.973224046891629;-74.67941241219329;-1.9007723219502741;2.9197246816126614
update;6.048830628178069;-74.99545543878521;-1.7933041121367435;4.419809539759435
update;6.983302687596636;-74.96751769749571;-1.7608612947648705;5.19785074834309
update;7.735797805325172;-75.2611428774977;-1.6346251017513151;15.645633089172778
update;8.34138214375131;-75.49470600981536;-1.5651115995397227;-175.90803974374185
update;8.949815488722958;-76.00893339251917;-1.3477507298914138;-4.408791919973736
update;9.811856173939342;-76.33913331754562;-1.0798865398565012;-1.8707067106524948
update;9.921371599830396;-76.06530707672547;-1.5442412690277292;-37.6487575618832
update;9.96477397421027;-76.62401875657737;-1.5436182850624107;-36.78534982019232
update;10.140374113121318;-77.17919665421655;-1.5366977922301261;-29.31540644469558
update;10.466418467678166;-77.7318348352884;-1.5105339220086433;-16.574001506019865
update;15.08233517351593;-75.3006995242134;-1.1832795927176711;-2.4500495204586072
update;28.07073758568498;-99.75366010217425;-1.4872737554125188;-11.944957648580342
update;22.928535137015764;-85.98862841707039;-2.4411809097730965;0.8429924800400143
update;15.956345568010189;-82.36027338621965;-2.808151478522417;0.34637432506438937
update;2.71210767048505;-81.11408767213716;-2.9785764207891443;0.1644757628226806
update;-14.01799610157472;-81.19301534816383;-3.2860650149164523;-0.1454859798229975
update;-29.801348993729427;-81.36242374421076;-3.817239787455647;-0.8014872328748721
update;-41.77750707010619;-80.98663228244975;-4.536140838128665;-5.614947263980554
update;-49.599971295118564;-80.32979441058797;-5.381459344863089;1.2646347466705607
update;-54.09015336629027;-79.99546435588785;-6.307769959683019;-0.024589606731282264
update;-56.43934506112362;-80.33974998037708;-0.9986873876080388;-1.552920516701347
update;-57.292691038454755;-81.09787262023809;-1.9972405274571454;2.201070859822595
update;-57.69592699422412;-81.58407534944244;-3.009298985919119;0.1330708934646933
update;-54.710456502312766;-81.11076559558639;-4.063581431109892;-1.3186966418127914
update;-59.39245841394357;-79.42959778372133;-5.1076269068376945;2.3969828215769655
update;-62.31573129222679;-78.88074697528633;-6.1564819697689135;0.12738574042378306
update;-63.7784004893967;-79.13448502826802;-7.234316552191439;-1.4017312530806312
update;-64.3006795496755;-79.86608029619899;-2.047094309567072;1.9383057507168535
update;-64.3519239172946;-80.26843166278144;-3.1558161801342646;-0.01422448580318774
update;-65.09974606072021;-79.8890922535862;-4.2781548793872695;-2.15630773715066
update;-66.3965053941784;-79.1493133827974;-5.410032096935198;1.192936790664628
update;-67.11949938427347;-78.94022417439602;-6.558920583887682;-0.2829425907785554
update;26.928218433808148;-196.0058769686859;-4.891520048886139;5.5226660424084
update;-320.0014330613978;250.67670275087275;-8.544598341475115;1.2101066712547641
update;-201.63996169291403;84.61174192546784;0.48241607095800765;0.5236856300637095
update;-202.56245174325073;84.95846581924381;3.3032787481560657;0.1631099393241472
update;-202.44066764996862;84.66597411430931;6.126933713088233;-0.15753574097759235
update;-202.18771069321787;84.77595714253769;8.953898102372657;-0.5090732800514756
update;-202.0061092786954;84.84181422402445;5.499881022857304;-0.995820986092052
update;-201.88605171791622;84.63634410766292;8.33638411508058;-1.909605707430378
update;-201.60334701437168;84.95547279455637;4.893051663855785;-5.474825045939191
update;-201.6777150303171;84.56160904922719;7.7396372316641315;8.707360939645186
update;-201.33836117970975;84.99998693007352;4.306504850798392;2.3269530034123727
update;-201.33180824984132;84.55219365544254;7.162699216207864;1.2084674430194104
update;-201.12867584063082;84.98160880098995;3.739765100840487;0.6814572292896703
update;-201.07341347061214;84.60220535223837;6.605288097949607;0.3337247530551408
update;-200.846081384475;84.92475349648491;3.191633367092184;0.05008252391474494
update;-200.835913737177;84.67957149485584;6.065356265195502;-0.22134100586474723
update;-200.7030655894748;84.85621712392724;8.942968144952147;-0.5229133565803765
update;-200.63488027813864;84.76174488162594;5.54061381940137;-0.917816062277209
update;-200.48598879124378;84.79245219359119;8.424455952359574;-1.5585113240145914
update;-200.40731570745425;84.83312908691173;5.026788966247116;-3.075164545511367
update;-200.24808742335819;84.7372408728404;7.914868856578028;-16.403506359404815
update;-200.08969794906943;84.87821096916751;4.520577219467235;5.149350027039397
update;-200.11125000689725;84.71264717904872;7.412631725959993;2.11671269795011
update;-199.91254428260333;84.91225027680558;4.022086576943305;1.2108815237606096
update;-199.8351224803379;84.70117132621264;6.916352061270593;0.7339761970794844
update;-199.62027882450394;84.92442146847641;3.5275671690408457;0.40635700823249776
update;-199.61646153705416;84.68326895699735;6.423027181902339;0.14076063310668713
update;-199.36225287762488;84.93918711742391;3.0356051089904432;-0.10638620139818701
update;-199.33074222787496;84.70133146410154;5.932329366697605;-0.3659987891867369
update;-199.1566576071474;84.91044811920385;8.82965740543368;-0.6769973492526661
update;-199.03278506513422;84.7560920426208;5.4445213726697315;-1.1126378302035171
update;-198.80367405834235;84.83627014274013;8.343372531755296;-1.877560498232665
update;-198.73007313876704;84.8444251526493;4.959746179328661;-3.9599458960580756
update;-198.51024842627436;84.73968268726767;7.861490848550976;-133.16721657662146
update;-198.22618146567325;84.94429630237268;4.479164187055783;4.209683828512303
update;-198.19754097390654;84.63915132209102;7.382962703850026;1.963678215588032
update;-197.76301513317503;85.03203560264883;4.002660994681342;1.164068736654664
update;-197.64598602425463;84.55738294024259;6.9082124985609;0.7215257873795204
update;-197.2216569981307;85.07773917020826;3.5302546998621636;0.40949175130765975
update;-197.17269922696792;84.52734263811568;6.43795045211566;0.1560127573696606
update;-196.6393309467269;85.06189300216107;3.0618648428807766;-0.0798971719169176
update;-196.55684889374183;84.54420199719733;5.9711973415095905;-0.322520854944578
update;-196.12797506897758;84.9912652312324;8.883079879942125;-0.6017402055011007
update;-195.8543034650486;84.66312777059258;5.509944615059709;-0.9759759455669584
update;-195.47931663592206;84.80832891700794;8.415641155950834;-1.589158713069933
update;-195.2227493554077;84.80968494025406;5.0355639387847235;-2.9858165592231694
update;-194.98206725711495;84.6485344424017;7.941647481872749;-11.37771371017258
update;-194.58203293059367;84.93435076470696;4.562174210664066;6.606987918425254
update;-194.4318418805132;84.52578781916618;7.467267887833522;2.4556837240483946
update;-193.99265198812085;85.0265268379497;4.086198774183192;1.3825603090453258
update;-193.9320908046467;84.47641294794087;6.989652060540108;0.8534036686444896
update;-193.422406951038;85.04037219258207;3.605481204298269;0.5003012134278548
update;-193.48929821750212;84.47378857672537;6.503564395525958;0.224017500187387
update;-193.0056093115744;84.97930048759079;3.1171868706866532;-0.02441062976299966
update;-192.95349579370313;84.53765560242205;6.015037869009048;-0.2747646967291987
update;-192.62298232156186;84.86693684542254;8.914026886508847;-0.5603452022802204
update;-192.43525724197863;84.65045653332679;5.529849770493501;-0.9378462590478348
update;-192.2296265723019;84.70919513051021;8.430617313331526;-1.537584960473998
update;-192.02526827737705;84.77763198869125;5.050095375630055;-2.8477180288816455
update;-191.84375449135538;84.5921929392375;7.962266177791108;-9.198805222203925
update;-191.48594408759578;84.86334545901275;4.596373172308744;8.580808336361667
update;-191.329168467635;84.48327465584214;7.522278686455321;2.9033583257656326
update;-190.8456046698642;84.94541247804716;4.166352537211896;1.6456436915836925
update;-190.76168986629344;84.3875052908343;7.09988509732019;1.0646479548646104
update;-190.16260926425863;84.99967517860794;3.7511928032568633;0.6983238562749633
update;-190.14957172993846;84.33143074899846;6.689980824401189;0.4308266671129038
update;-189.42636887126147;85.01014824492636;3.3444304828268767;0.20566618348308377
update;-189.29231280078588;84.30507699146878;6.285626734873178;0.002441432544369336
update;-188.75332159928192;84.95981446680713;2.943513472743981;-0.20071106316607945
update;-188.57118638603592;84.34512778655798;5.886594223159937;-0.4187807125781747
update;-187.9146097647485;84.84469390884762;8.829052117704457;-0.6778804176991283
update;-187.72683829415868;84.41862462719438;5.489230542763899;-1.017261321545018
update;-187.16856671992852;84.66953518583827;8.432972082079269;-1.5296916882000564
update;-186.77149924986824;84.53695030710067;5.089742511213574;-2.523039814380099
update;-186.41634738169097;84.48068243021753;8.031617258060928;-5.570164621106698
update;-185.91089946587002;84.65530598591045;4.687966419409106;40.937605708029615
update;-185.58465821320974;84.289147337744;7.630224464998117;4.394294681921242
update;-184.93381945778577;84.7620352300361;4.2855021679331795;2.1984864386007925
update;-184.78541680111357;84.1556889780714;7.227147871996051;1.3806882791604418
update;-184.0032259057751;84.8049744971847;3.8811314725472763;0.9122442065170168
update;-183.84540288148256;84.0871899640391;6.819858041580776;0.5949158042012982
update;-183.1371462330373;84.78630748447165;3.471599230273535;0.3425322158284741
update;-181.97480977709017;84.0342738214085;6.404180231051862;0.12158884809776313
update;-37.447669365461905;81.2180641792173;3.668293247664696;0.5814934602205816
update;-33.1049388309937;81.3333153862709;6.719612757132809;0.4664234870973675
update;-33.03294780703458;81.13630141195928;3.4585970757145876;0.32806814325990624
update;-33.770047957926955;80.32086983496777;6.509582136195126;0.2303458416895147
update;-31.548756285965347;80.78922297513256;3.264489225862404;0.12351905880753329
update;-32.09358138274727;80.17650786367666;6.311467227471026;0.028289463296533663
update;-30.08017538272082;80.56488985523407;3.065702369332784;-0.07603631320772598
update;-26.441101648745377;77.77504523574227;6.111686895347463;-0.17319978432620686
update;-14.298177473271718;76.31377761414267;3.1441243092140656;0.0025316610329829876
update;-29.850652205412956;64.83418746317508;6.490116464898046;0.20993627260568556
update;-14.214960621777776;67.5527647050596;3.416006346184149;0.2815157379692618
update;-1.2382325231462037;70.19532312135988;6.452109955179639;0.17054998766430754
update;-5.644388424064808;69.80235954476109;3.155989954397745;0.014398295658838479
update;-6.538625890529516;69.36491537885522;6.193918361682477;-0.08950481420736894
update;-5.478196318830611;69.2584195614889;9.225642811371253;-0.20180980461920894
update;-5.717138838543778;68.90355237409617;5.98828914976121;-0.30375279256740434
update;-4.9330331854936755;68.83590500885074;9.02895784916887;-0.41787482141330595
update;-5.262248274941744;68.49999386220465;5.800985322362668;-0.523410314175456
update;-4.42007299105445;68.2958771567449;8.848559609821901;-0.6497768756809301
update;-4.79500611357454;68.05872543068517;5.62605116910935;-0.7715230095447043
update;-3.862105104419039;67.82505778909693;8.699081872916324;-0.8871964025723875
update;-4.3682119415705465;67.50814458715095;5.482493580824995;-1.0310646368661116
update;-3.548416369599763;67.37706576770508;8.54491353902559;-1.2093302077356258
update;-3.9366479506340735;67.14850708031075;5.32841450583706;-1.412577374840269
update;-3.24350405331928;67.02884097073431;8.390257126060169;-1.6824307766042803
update;-3.490356510018097;66.89052575540427;5.171819605635241;-2.0212643879562293
update;-3.02160367418993;66.86148302582608;8.232587571453978;-2.5138439781166655
update;-2.959148307090565;66.81666022045785;5.0070345854783405;-3.295119354596972
update;-2.7178892122399705;66.76067259913906;8.06139267802839;-4.7520079223022424
update;-2.4479306760881814;66.85135729383975;4.828274343661075;-8.590554376205798
update;-2.2337115114714163;66.81994310975622;7.875376016667834;-46.734109437576464
update;-2.0196269268177836;66.75399256727339;4.634688495514105;12.844021965689134
update;-1.7657098851047999;66.79648530383133;7.674745294957765;5.519351964703986
update;-1.5938010560327571;66.70283851735708;4.428827382547338;3.4315395009807963
update;-1.3666721598906455;66.68775072267431;7.4621687914731005;2.420278159368965
update;-1.1076344111933125;66.73170361704327;4.209847354061244;1.8194810891611073
update;-0.9163050047183297;66.65936759513397;7.2361632348473695;1.407220606809163
update;-0.6922531660470785;66.64782965088575;3.9763721053268934;1.1039818694321974
update;-0.4829432332456445;66.62357331404897;6.99743007156278;0.8669364889799691
update;-0.23776365240285682;66.6738699285962;3.730207121644022;0.6675508317238813
update;-0.02482152298163698;66.66059456937538;6.743357731081833;0.49566353617698555
update;0.14550132577196584;66.58587019123485;3.4708052532253744;0.3416453238032234
update;0.38077894816919533;66.59650707751251;6.477835901776606;0.19714679536039845
update;0.6078479651265994;66.59818510779169;3.1991131414869276;0.05758400951959624
update;0.804079543325125;66.55683958932443;6.199751010703137;-0.08362844030765718
update;1.0352321580316202;66.56116210340127;9.197486667530457;-0.23128795983670117
update;1.2210749516196229;66.52337439742374;5.909678056638741;-0.3919035482039189
update;1.4518217196750678;66.53122924776656;8.900657080308761;-0.5780466189751823
update;1.620806640913859;66.48519912423302;5.606789587755842;-0.8027174344875935
update;1.8556188154794737;66.50053616911794;8.591785564571161;-1.1000245965486926
update;2.0766857401105723;66.4986367431934;5.2913589035830455;-1.5297602426504022
update;2.242940450348728;66.4477681782679;8.27168720371691;-2.253148656935766
update;2.483308360935947;66.47068018071016;4.964620135820365;-3.880181462077558
update;2.6759572379044076;66.45035198438693;7.938967520855818;-11.738317300788436
update;2.815739589902141;66.3570023888052;4.627096290740759;11.695889526281208
update;3.0687285199365966;66.38725648222571;7.59512119638846;3.7764107348540303
update;3.2816807470339677;66.38181315257775;4.277381035485305;2.151943062070215
update;3.4508952291867794;66.32258470812005;7.238854876033298;1.4152729433923008
update;3.6523171807814188;66.30292633543746;3.915477579782897;0.9772346228838193
update;3.8286329687133156;66.26426197286636;6.872607755551769;0.6687194981498016
update;4.069098019668994;66.283673262372;3.5424058267478284;0.42375207980864454
update;4.231533593017595;66.2495078915165;6.493560636983485;0.2135348567184438
update;4.421402824738684;66.21497555104426;3.158161181435447;0.01657004412144905
update;4.657066318897751;66.20809057587749;6.103537904687039;-0.18160527935928558
update;4.688136972064083;66.11321406138931;9.047088117747023;-0.3967364885424305
update;4.891318058360385;66.16558636526949;5.70470574213976;-0.6529975345021299
update;5.002963022828302;66.11272121386519;8.644813144665436;-0.9891919230921701
update;5.017455818422022;65.99394773823327;5.3010657262148495;-1.4978112505428363
update;4.846720787393799;65.69464562965578;8.243257337778413;-2.437784751274331
update;4.94065683392078;65.70258000584201;4.903999542043783;-5.154891928475968
update;5.352955359875096;65.6119180681639;7.842678066016301;88.46387380696082
update;4.7243943797628685;65.61485439121068;4.501486833849203;4.671025363445299
update;4.924143765616005;65.53436307562013;7.4477807128218565;2.3249223741241
update;4.391478958215054;65.6010013482954;4.112437088033782;1.461846849978827
update;4.559731770883194;65.44178497439351;7.068456685019541;0.9997464610287337
update;3.586925619062536;65.5091342201752;3.7459194549872334;0.6905076377944743
update;2.7292273910161926;65.44686185854438;6.72692217380146;0.47535367831107256
update;3.710563012243503;65.26370486872949;3.4213739576606432;0.2873175612809395
update;5.729777440377819;65.09806823650064;6.385336840636565;0.10250833772025672
update;1.054647488830815;65.43324443438274;3.0881028221616114;-0.053540904238883975
update;-0.13055291925705625;65.15172335600471;6.125448953405684;-0.15905770580804884
update;0.9642464567850901;65.03275860049109;9.15978564736424;-0.27137430174532357
update;1.6795161340343265;64.8892398241501;5.909830137872997;-0.3917281195119819
update;0.9901105331120776;64.94810547271086;8.943402120611223;-0.5223608406694498
update;0.3488819375879778;64.77744922148052;5.717792638635817;-0.6344874349270108
update;0.9459889738081213;64.68549868545075;8.77558316422282;-0.7589346369373103
update;0.770465379977264;64.6151660717305;5.559399357704775;-0.8837885319960217
update;1.0939048054858125;64.51798019512913;8.627856698961862;-1.0233159002177115
update;0.5001891824353473;64.44320122416691;5.429294861489595;-1.1473041802533206
update;1.3034592681088275;64.30161117288479;8.516338052913735;-1.2822360237481916
update;0.4593877160755405;64.20925122849121;5.337284223132423;-1.3863373245353767
update;1.5390740139338461;64.05817729851958;8.444807680447235;-1.4908624850899714
update;0.997109730307622;64.0455375623703;5.280330096235508;-1.5672320161257165
update;1.8961077218319713;63.816077435643216;8.39814076181624;-1.6526266268154934
update;1.1723776761210492;63.81174895462149;5.248306507369608;-1.6838028145385895
update;2.0378323522578565;63.55265801083868;8.384850908130979;-1.703329984940897
update;2.0145109348484267;63.649714596611545;5.245660644089874;-1.693995641979329
update;143.22444569744215;-80.0309656951541;-0.8186243351700697;-1.0687623594289157
update;1.6114878555249845;0.42901113923137757;1.3406194793810204;4.267487611695956
update;1.9483926956684048;-1.7846853293087317;3.465454285741458;0.3356806305460295
update;0.34758653846720855;-1.9300714733445514;5.062050914431396;-2.74239005072179
update;-1.2589942329662864;-2.5877042924259777;5.611328205892325;-0.7952813739970613
update;-0.7890839878582687;-1.0296863659426996;6.488579892374641;0.20833249444315752
update;-1.0253056544723331;-1.113751228522632;0.23905862834420916;0.24371918532940934
update;-1.2904411492269792;-0.8644860959812362;0.3209533564313416;0.33244779294573684
update;-1.2496092543220445;-0.638191013705762;0.43738952649084933;0.46759539045783605
update;-1.2322146938527867;-0.5579209165128401;0.43119910948283546;0.4600731448258207
update;-1.1517370115108028;-0.5116412935130479;0.44443858166766026;0.4762142408670916
update;-1.1139301852573684;-0.49390364355072736;0.4349751304311563;0.46465640996922447
update;-0.9590480491851937;-0.4955786722857166;0.43562860909674617;0.465451219776297
update;-0.7689084479228653;-0.4176733471968663;0.4193213399403843;0.4457587895598293
update;-0.27248878789965997;-0.4058650726155595;0.38156766579760426;0.4012316181782569
update;0.5726287267639005;-0.40868678935554464;0.9649106755736588;1.4433925315959695
update;1.1705779324949273;0.00820703480997309;3.152961936328726;0.011369772630993846
update;1.3736241375834246;0.15397821838083983;5.832290343650426;-0.48415933959221735
update;1.5187223055988135;-0.3603366552888356;8.363035401997172;-1.7917387469492991
update;1.4823092580129928;-0.9340394048832323;4.194586939644797;1.7554731755294053
update;1.0700038665880034;-1.5564242001131183;5.968394115710459;-0.32561848012856953
update;0.5002768286690127;-2.3377548048783803;7.245936743971246;1.4367554486127294
update;-0.7550742440859347;-2.8676137399312434;1.7490350082540582;-5.550915321644006
update;-1.2266227921956112;-1.5414087667476322;2.4055790512748576;-0.9058060192558729
update;-1.4977553109247825;-1.301490078726169;2.4208566739335966;-0.8783708717929428
update;-1.543808335524155;-1.0801961893312186;2.4725712888121683;-0.7906625163364311
update;-1.5377301684676765;-1.099518279425756;2.4540578936820725;-0.8212000008559027
update;-1.6494583713958904;-1.036054124801342;2.4522554858662486;-0.8242223742241281
update;-1.7899509402023617;-0.9604853376189046;2.450192104330386;-0.8276934066363419
update;-2.0575026607004383;-0.9335293783992751;2.3656430219726485;-0.9812792628198795
update;-2.291165203136597;-1.0040863843821917;2.215794522695607;-1.329183039402998
update;-2.3133773362150944;-1.0823239241324214;1.880619145512474;-3.123709962833972
update;-2.6410783240062385;-1.2332255807008865;1.7664749751168052;-5.045026274619662
update;-2.251023301209332;-1.1625949900381245;1.1534409410282653;2.2552782929072728
update;-2.631804791731447;-1.2330358734267617;1.172601787153455;2.3771791981341983
update;-2.3604459594323384;-1.3102557593277395;0.7016975903974112;0.8451944840003431
update;-2.4116691871302987;-1.5770745342411034;0.581885203905483;0.6578662035933676
update;-2.186615065702401;-1.7907334139040905;0.43692136925363506;0.4670249975931901
update;-1.9753841101140992;-1.8978275787997105;0.47872053662723396;0.5189856822678288
update;-1.789891837773105;-1.9671111925439735;0.4659434101284791;0.5028730544380745
update;-1.7412218448953105;-1.877064698124874;0.3681688834631011;0.38575806864863754
update;-1.6831322539149056;-1.8426690777841443;0.36990004843504315;0.38774817805138556
update;-1.6736969285991246;-1.7565596799731045;0.3541275642601662;0.3697131245357917
update;-1.5719413367917863;-1.5921048883292457;0.29468009323058963;0.3035168085373232
update;-1.347258934882284;-1.2971891797551802;0.15742904318811266;0.15874263585376724
update;-0.14689798486248007;-1.0533791110891806;-0.7261552404066671;-0.8880172965720821
update;1.6990915330512206;-1.0003726807206055;-0.46927949717042006;-0.5070598148976325
update;2.4252450701625197;-0.32848725672387225;1.3643410353368335;4.774648914408083
update;3.173614576572267;-0.1179319334033552;3.4278035892561878;0.29429094619324747
update;3.4451016014588887;-0.539655104540796;5.393481757590038;-1.2338514220605852
update;3.4834752828762627;-0.6297289044883185;7.340920599420375;1.7749870287667013
update;3.9770761279520075;-0.44407506235279914;3.0705830566165098;-0.07112919024369123
update;4.552401131876502;-0.9066151861616467;4.930086337341982;-4.520736936001255
update;4.46029921159097;-0.9981949780668864;6.83275210051645;0.612509323337478
update;5.085567678021849;-0.5163826464400983;2.5255795037650417;-0.70790724492883
update;6.063802498068785;-0.5992566606574219;4.442593739570909;3.61614340332978
update;6.699906733144476;-0.6302937917281686;6.698940740636581;0.44149109980408435
update;13.371674878606594;16.004358212814424;3.3036098751746428;0.16344989430157794
update;12.17743329240659;17.887081289512356;6.187720029635033;-0.0957563500762938
update;12.565353919475946;17.727093959186085;9.109239157329533;-0.3264455609442802
update;12.653563124152415;17.643326374008648;5.72894374009846;-0.6189564282943154
update;12.747937763891542;17.54655602571575;8.625413082050347;-1.0283309633322957
update;12.818736793213791;17.45213892423658;5.234276114255548;-1.7389177392366644
update;12.914581845319391;17.337903198870936;8.115508947277325;-3.7361165193506936
update;12.998913936224486;17.250026334957123;4.709834133121623;391.41197938010384
update;13.016881186125856;17.159926008354695;7.587431291305047;3.662362689826865
update;13.175360121814764;17.064332071328444;4.17473375385142;1.6771578394070839
update;13.302996143895834;16.98904815273881;7.036957955309725;0.9386681713025753
update;13.340616820952015;16.899567894016123;3.611172548317976;0.5074375051090565
update;13.582780833672508;16.8351181404713;6.4630869696117665;0.1818679370469994
update;13.663394249882668;16.763126005935046;3.0204942935265406;-0.12169381479417078
update;13.67785500161372;16.6631452320404;5.857410702311008;-0.45351674826066296
update;13.85209705370754;16.58835685302272;8.69189149118763;-0.9001291840072307
update;13.946759751112458;16.504078725965513;5.231434107117909;-1.7504103342918098
update;14.037656249662549;16.42017512470793;8.048322822357555;-5.080645515733745
update;14.157775279142092;16.35901422893815;4.581218598544005;7.579898553840123
update;14.286098316891948;16.26013617988628;7.382037938113752;1.9591956622364841
update;14.396867473203082;16.203254051007615;3.8977373363382872;0.943140166249694
update;14.424274809769543;16.134802024102903;6.696502028547909;0.4385801759660339
update;14.635172312443142;16.05197398583845;3.200389117821496;0.058864311653347434
update;14.656812139816898;16.003008992999085;5.9858367299183595;-0.3064334890922419
update;14.734626597458336;15.910803089220723;8.767589695415914;-0.7716093595778194
update;14.914483177359017;15.853236791871224;5.261722920644045;-1.6334820514427717
update;14.934334594735684;15.778180763759472;8.031955583154073;-5.559349554241831
