laser,21819,"[83, 84, 84, 85, 84, 84, 85, 85, 86, 86, 86, 89, 8191, 8191, 8191, 8191, 8191, 8191, 8191, 8191, 8191, 8191, 8191, 8191, 8191, 8191, 8191, 8191, 8191, 8191, 8191, 8191, 8191, 8191, 8191, 8191, 8191, 8191, 8191, 8191, 8191, 8191, 8191, 8191, 8191, 8191, 8191, 8191, 8191, 8191, 8191, 8191, 8191, 8191, 8191, 8191, 8191, 8191, 8191, 8191, 8191, 8187, 8191, 8191, 8191, 8191, 8191, 8191, 8191, 8191, 8191, 8191, 8191, 8191, 8191, 8191, 8191, 8191, 8191, 8191, 8191, 8187, 8191, 8191, 8191, 8191, 8191, 8191, 8191, 8191, 8191, 8187, 8191, 8191, 8191, 8191, 8191, 8191, 8191, 8191, 8191, 2028, 2029, 8191, 8191, 8191, 8191, 8191, 8191, 8191, 8191, 8191, 8191, 8191, 8191, 8191, 8191, 2947, 8191, 8191, 8191, 8191, 8191, 8191, 8191, 8191, 8187, 8191, 870, 853, 853, 855, 8191, 8191, 8183, 8191, 8191, 8191, 8191, 8191, 8191, 8191, 8183, 8187, 8191, 8187, 2856, 8191, 8191, 8191, 8191, 8191, 8191, 8191, 8191, 1269, 8191, 8191, 8191, 8191, 8191, 8191, 8191, 8191, 8191, 8191, 8191, 8191, 8191, 8191, 2372, 2380, 8191, 8191, 8191, 8191, 8191, 8191, 8191, 8191, 8191, 8191, 8191, 8191, 8191, 8191, 8191, 8191, 8191, 8191, 8191, 8191, 8191, 8191, 8191, 8191, 8191, 8191, 8191, 8191, 8191, 8191, 8191, 8191, 8191, 8191, 2429, 2416, 2418, 2424, 8191, 8191, 8191, 8191, 8191, 8191, 8191, 1257, 1246, 1247, 1251, 8191, 8191, 8191, 8191, 8191, 8191, 8191, 8191, 8191, 8191, 8191, 8191, 8191, 8191, 8191, 8191, 8191, 8191, 8191, 8191, 8191, 8191, 8191, 8191, 8191, 8191, 8191, 8191, 8191, 8191, 8191, 8191, 8191, 8191, 8191, 8191, 8191, 8191, 8191, 8191, 8191, 8191, 8191, 8191, 8191, 8191, 8191, 8191, 8191, 8191, 8191, 8191, 8191, 8191, 8191, 8191, 8191, 8191, 8191, 8191, 8191, 8191, 8191, 8191, 8191, 8191, 8191, 8191, 8191, 8191, 8191, 8191, 8191, 8191, 8191, 8191, 8191, 8191, 8191, 8191, 8191, 8191, 8191, 8191, 8191, 8191, 8191, 8191, 8191, 8191, 8191, 8191, 8191, 8191, 8191, 8191, 8191, 8191, 8191, 8191, 311, 308, 309, 313, 8191, 8191, 8191, 8191, 8191, 8191, 8187, 8191, 8191, 8191, 8191, 8191, 8191, 8191, 8191, 8191, 8191, 8191, 8191, 8191, 8191, 8191, 8191, 8191, 8191, 8191, 8191, 8191, 8191, 8191, 8191, 8191, 8191, 8191, 8191, 8191]"
odo,21940,-0.003472,0.0
odo,21965,-0.004237,0.0
odo,21990,-0.004237,0.0
odo,22015,-0.004237,0.0
laser,22033,"[84, 84, 84, 84, 84, 84, 85, 86, 87, 87, 87, 90, 8191, 8191, 8191, 8191, 8191, 8191, 8191, 8191, 8191, 8191, 8191, 8191, 8191, 8191, 8191, 8191, 8191, 8191, 8191, 8191, 8191, 8191, 8191, 8191, 8191, 8191, 8191, 8191, 8191, 8191, 8191, 8191, 8191, 8191, 8191, 8191, 8191, 8191, 8191, 8191, 8191, 8191, 8191, 8191, 8191, 8191, 8191, 8191, 8191, 8191, 8191, 8191, 8191, 8191, 8191, 8191, 8191, 8191, 8191, 8191, 8191, 8191, 8191, 8191, 8191, 8191, 8191, 8191, 8191, 8187, 8191, 8191, 8191, 8191, 8191, 8191, 8191, 8191, 8191, 8187, 8191, 8191, 8191, 8191, 8191, 8191, 8191, 8191, 8191, 2028, 2030, 8191, 8191, 8191, 8191, 8191, 8191, 8191, 8191, 8191, 8191, 8191, 8191, 8191, 8191, 2948, 8191, 8191, 8191, 8191, 8191, 8191, 8191, 8191, 8187, 8191, 869, 853, 853, 855, 8191, 8191, 8183, 8191, 8191, 8191, 8191, 8191, 8191, 8191, 8191, 8187, 8191, 8187, 2857, 8191, 8191, 8191, 8191, 8191, 8191, 8191, 8191, 1269, 8191, 8191, 8191, 8191, 8191, 8191, 8191, 8191, 8191, 8191, 8191, 8191, 8191, 8191, 2372, 2380, 8191, 8191, 8191, 8191, 8191, 8191, 8191, 8191, 8191, 8191, 8191, 8191, 8191, 8191, 8191, 8191, 8191, 8191, 8191, 8191, 8191, 8191, 8191, 8191, 8191, 8191, 8191, 8191, 8191, 8191, 8191, 8191, 8191, 8191, 2427, 2416, 2417, 2423, 8191, 8191, 8191, 8191, 8191, 8191, 8191, 1258, 1247, 1246, 1252, 8191, 8191, 8191, 8191, 8191, 8191, 8191, 8191, 8191, 8191, 8191, 8191, 8191, 8191, 8191, 8191, 8191, 8191, 8191, 8191, 8191, 8191, 8191, 8191, 8191, 8191, 8191, 8191, 8191, 8191, 8191, 8191, 8191, 8191, 8191, 8191, 8191, 8191, 8191, 8191, 8191, 8191, 8191, 8191, 8191, 8191, 8191, 8191, 8191, 8191, 8191, 8191, 8191, 8191, 8191, 8191, 8191, 8191, 8191, 8191, 8191, 8191, 8191, 8191, 8191, 8191, 8191, 8191, 8191, 8191, 8191, 8191, 8191, 8191, 8191, 8191, 8191, 8191, 8191, 8191, 8191, 8191, 8191, 8191, 8191, 8191, 8191, 8191, 8191, 8191, 8191, 8191, 8191, 8191, 8191, 8191, 8191, 8191, 8191, 8191, 312, 308, 308, 313, 8191, 8191, 8191, 8191, 8191, 8191, 8191, 8191, 8191, 8191, 8191, 8191, 8191, 8191, 8191, 8191, 8191, 8191, 8191, 8191, 8191, 8191, 8191, 8191, 8191, 8191, 8191, 8191, 8191, 8191, 8191, 8191, 8191, 8191, 8191, 8191]"
odo,22040,-0.004237,0.0
odo,22065,-0.004619,0.0
odo,22090,-0.004619,0.0
odo,22115,-0.003854,0.0
odo,22140,-0.003472,0.0
odo,22165,-0.004619,0.0
odo,22190,-0.003854,0.0
odo,22215,-0.003854,0.0
odo,22240,-0.004237,0.0
laser,22246,"[84, 84, 84, 84, 84, 84, 85, 86, 87, 86, 87, 90, 8191, 8191, 8191, 8191, 8191, 8191, 8191, 8191, 8191, 8191, 8191, 8191, 8191, 8191, 8191, 8191, 8191, 8191, 8191, 8191, 8191, 8191, 8191, 8191, 8191, 8191, 8191, 8191, 8191, 8191, 8191, 8191, 8191, 8191, 8191, 8191, 8191, 8191, 8191, 8191, 8191, 8191, 8191, 8191, 8191, 8191, 8191, 8191, 8191, 8187, 8191, 8191, 8191, 8191, 8191, 8191, 8191, 8191, 8191, 8191, 8191, 8191, 8191, 8191, 8191, 8191, 8191, 8191, 8191, 8191, 8191, 8191, 8191, 8191, 8191, 8191, 8191, 8191, 8191, 8187, 8191, 8191, 8191, 8191, 8191, 8191, 8191, 8191, 8191, 2028, 2030, 8191, 8191, 8191, 8191, 8191, 8191, 8191, 8191, 8191, 8191, 8191, 8191, 8191, 8191, 2947, 8191, 8191, 8191, 8191, 8191, 8191, 8191, 8191, 4869, 8191, 870, 853, 853, 856, 8191, 8191, 8183, 8191, 8191, 8191, 8191, 8191, 8191, 8191, 8191, 8187, 8191, 8187, 2858, 8191, 8191, 8191, 8191, 8191, 8191, 8191, 8191, 1269, 8191, 8191, 8191, 8191, 8191, 8191, 8191, 8191, 8191, 8191, 8191, 8191, 8191, 8191, 2371, 2380, 8191, 8191, 8191, 8191, 8191, 8191, 8191, 8191, 8191, 8191, 8191, 8191, 8191, 8191, 8191, 8191, 8191, 8191, 8191, 8191, 8191, 8191, 8191, 8191, 8191, 8191, 8191, 8191, 8191, 8191, 8191, 8191, 8191, 8191, 2427, 2416, 2418, 2423, 8191, 8191, 8191, 8191, 8191, 8191, 8191, 1258, 1246, 1247, 1251, 8191, 8191, 8191, 8191, 8191, 8191, 8191, 8191, 8191, 8191, 8191, 8191, 8191, 8191, 8191, 8191, 8191, 8191, 8191, 8191, 8191, 8191, 8191, 8191, 8191, 8191, 8191, 8191, 8191, 8191, 8191, 8191, 8191, 8191, 8191, 8191, 8191, 8191, 8191, 8191, 8191, 8191, 8191, 8191, 8191, 8191, 8191, 8191, 8191, 8191, 8191, 8191, 8191, 8191, 8191, 8191, 8191, 8191, 8191, 8191, 8191, 8191, 8191, 8191, 8191, 8191, 8191, 8191, 8191, 8191, 8191, 8191, 8191, 8191, 8191, 8191, 8191, 8191, 8191, 8191, 8191, 8191, 8191, 8191, 8191, 8191, 8191, 8191, 8191, 8191, 8191, 8191, 8191, 8191, 8191, 8191, 8191, 8191, 8191, 8191, 312, 309, 308, 313, 8191, 8191, 8191, 8191, 8191, 8191, 8191, 8191, 8191, 8191, 8191, 8191, 8191, 8191, 8191, 8191, 8191, 8191, 8191, 8191, 8191, 8191, 8191, 8191, 8191, 8191, 8191, 8191, 8191, 8191, 8191, 8191, 8191, 8191, 8191, 8191]"
odo,22265,-0.003854,0.0
odo,22290,-0.004237,0.0
odo,22315,-0.003854,0.0
odo,22340,-0.003089,0.0
odo,22365,-0.003854,0.0
odo,22390,-0.003854,0.0
odo,22415,-0.003854,0.0
odo,22440,-0.003854,0.0
laser,22460,"[83, 84, 84, 84, 84, 84, 85, 85, 86, 85, 86, 90, 8191, 8191, 8191, 8191, 8191, 8191, 8191, 8191, 8191, 8191, 8191, 8191, 8191, 8191, 8191, 8191, 8191, 8191, 8191, 8191, 8191, 8191, 8191, 8191, 8191, 8191, 8191, 8191, 8191, 8191, 8191, 8191, 8191, 8191, 8191, 8191, 8191, 8191, 8191, 8191, 8191, 8191, 8191, 8191, 8191, 8191, 8191, 8191, 8191, 8187, 8191, 8191, 8191, 8191, 8191, 8191, 8191, 8191, 8191, 8191, 8191, 8191, 8191, 8191, 8191, 8191, 8191, 8191, 8191, 8191, 8191, 8191, 8191, 8191, 8191, 8191, 8191, 8191, 8191, 8187, 8191, 8191, 8191, 8191, 8191, 8191, 8191, 8191, 8191, 2027, 2031, 8191, 8191, 8191, 8191, 8191, 8191, 8191, 8191, 8191, 8191, 8191, 8191, 8191, 8191, 2948, 8191, 8191, 8191, 8191, 8191, 8191, 8191, 8191, 8187, 8191, 869, 853, 853, 854, 8191, 8191, 8183, 8191, 8191, 8191, 8191, 8191, 8191, 8191, 8191, 8187, 8191, 8187, 2857, 8191, 8191, 8191, 8191, 8191, 8191, 8191, 8191, 1268, 8191, 8191, 8191, 8191, 8191, 8191, 8191, 8191, 8191, 8191, 8191, 8191, 8191, 8191, 2372, 2381, 8191, 8191, 8191, 8191, 8191, 8187, 8191, 8191, 8191, 8191, 8191, 8191, 8191, 8191, 8191, 8191, 8191, 8191, 8191, 8191, 8191, 8191, 8191, 8191, 8191, 8191, 8191, 8191, 8191, 8191, 8191, 8191, 8191, 8191, 2429, 2415, 2416, 2423, 8191, 8191, 8191, 8191, 8191, 8191, 8191, 1258, 1247, 1246, 1252, 8191, 8191, 8191, 8191, 8191, 8191, 8191, 8191, 8191, 8191, 8191, 8191, 8191, 8191, 8191, 8191, 8191, 8191, 8191, 8191, 8191, 8191, 8191, 8191, 8191, 8191, 8191, 8191, 8191, 8191, 8191, 8191, 8191, 8191, 8191, 8191, 8191, 8191, 8191, 8191, 8191, 8191, 8191, 8191, 8191, 8191, 8191, 8191, 8191, 8191, 8191, 8191, 8191, 8191, 8191, 8191, 8191, 8191, 8191, 8191, 8191, 8191, 8191, 8191, 8191, 8191, 8191, 8191, 8191, 8191, 8191, 8191, 8191, 8191, 8191, 8191, 8191, 8191, 8191, 8191, 8191, 8191, 8191, 8191, 8191, 8191, 8191, 8191, 8191, 8191, 8191, 8191, 8191, 8191, 8191, 8191, 8191, 8191, 8191, 8191, 312, 309, 309, 312, 8191, 8191, 8191, 8191, 8191, 8191, 8191, 8191, 8191, 8191, 8191, 8191, 8191, 8191, 8191, 8191, 8191, 8191, 8191, 8191, 8191, 8191, 8191, 8191, 8191, 8191, 8191, 8191, 8191, 8191, 8191, 8191, 8191, 8191, 8191, 8191]"
odo,22465,-0.003854,0.0
odo,22490,-0.004237,0.0
odo,22515,-0.003854,0.0
odo,22540,-0.005001,0.0
odo,22565,-0.003854,0.0
odo,22590,-0.003854,0.0
odo,22615,-0.004237,0.0
odo,22640,-0.004237,0.0
odo,22665,-0.003854,0.0
laser,22673,"[83, 84, 84, 84, 85, 84, 85, 86, 86, 86, 86, 89, 8191, 8191, 8191, 8191, 8191, 8191, 8191, 8191, 8191, 8191, 8191, 8191, 8191, 8191, 8191, 8191, 8191, 8191, 8191, 8191, 8191, 8191, 8191, 8191, 8191, 8191, 8191, 8191, 8191, 8191, 8191, 8191, 8191, 8191, 8191, 8191, 8191, 8191, 8191, 8191, 8191, 8191, 8191, 8191, 8191, 8191, 8191, 8191, 8191, 8187, 8191, 8191, 8191, 8191, 8191, 8191, 8191, 8191, 8191, 8191, 8191, 8191, 8191, 8191, 8191, 8191, 8191, 8191, 8191, 8187, 8191, 8191, 8191, 8191, 8191, 8191, 8191, 8191, 8191, 8187, 8191, 8191, 8191, 8191, 8191, 8191, 8191, 8191, 8191, 2029, 2030, 8191, 8191, 8191, 8191, 8191, 8191, 8191, 8191, 8191, 8191, 8191, 8191, 8191, 8191, 2948, 8191, 8191, 8191, 8191, 8191, 8191, 8191, 8191, 8187, 8191, 869, 853, 853, 854, 8191, 8191, 8183, 8191, 8191, 8191, 8191, 8191, 8191, 8191, 8191, 8187, 8191, 8187, 2856, 8191, 8191, 8191, 8191, 8191, 8191, 8187, 8191, 1269, 8191, 8191, 8191, 8191, 8191, 8191, 8191, 8191, 8191, 8191, 8191, 8191, 8191, 8191, 2371, 2380, 8191, 8191, 8191, 8191, 8191, 8191, 8191, 8191, 8191, 8191, 8191, 8191, 8191, 8191, 8191, 8191, 8191, 8191, 8191, 8191, 8191, 8191, 8191, 8191, 8191, 8191, 8191, 8191, 8191, 8191, 8191, 8191, 8191, 8191, 2429, 2416, 2416, 2423, 8191, 8191, 8191, 8191, 8191, 8191, 8191, 1259, 1247, 1246, 1252, 8191, 8191, 8191, 8191, 8191, 8191, 8191, 8191, 8191, 8191, 8191, 8191, 8191, 8191, 8191, 8191, 8191, 8191, 8191, 8191, 8191, 8191, 8191, 8191, 8191, 8191, 8191, 8191, 8191, 8191, 8191, 8191, 8191, 8191, 8191, 8191, 8191, 8191, 8191, 8191, 8191, 8191, 8191, 8191, 8191, 8191, 8191, 8191, 8191, 8191, 8191, 8191, 8191, 8191, 8191, 8191, 8191, 8191, 8191, 8191, 8191, 8191, 8191, 8191, 8191, 8191, 8191, 8191, 8191, 8191, 8191, 8191, 8191, 8191, 8191, 8191, 8191, 8191, 8191, 8191, 8191, 8191, 8191, 8191, 8191, 8191, 8191, 8191, 8191, 8191, 8191, 8191, 8191, 8191, 8191, 8191, 8191, 8191, 8191, 8191, 312, 309, 309, 314, 8191, 8191, 8191, 8191, 8191, 8191, 8191, 8191, 8191, 8191, 8191, 8191, 8191, 8191, 8191, 8191, 8191, 8191, 8191, 8191, 8191, 8191, 8191, 8191, 8191, 8191, 8191, 8191, 8191, 8191, 8191, 8191, 8191, 8191, 8191, 8191]"
odo,22690,-0.005001,0.0
odo,22715,-0.003472,0.0
odo,22740,-0.004619,0.0
odo,22765,-0.004619,0.0
odo,22790,-0.003854,0.0
odo,22815,-0.004237,0.0
odo,22840,-0.005001,0.0
odo,22865,-0.004237,0.0
laser,22887,"[83, 84, 84, 84, 85, 84, 85, 85, 87, 85, 87, 88, 8191, 8191, 8191, 8191, 8191, 8191, 8191, 8191, 8191, 8191, 8191, 8191, 8191, 8191, 8191, 8191, 8191, 8191, 8191, 8191, 8191, 8191, 8191, 8191, 8191, 8191, 8191, 8191, 8191, 8191, 8191, 8191, 8191, 8191, 8191, 8191, 8191, 8191, 8191, 8191, 8191, 8191, 8191, 8191, 8191, 8191, 8191, 8191, 8191, 8187, 8191, 8191, 8191, 8191, 8191, 8191, 8191, 8191, 8191, 8191, 8191, 8191, 8191, 8191, 8191, 8191, 8191, 8191, 8191, 8187, 8191, 8191, 8191, 8191, 8191, 8191, 8191, 8191, 8191, 8187, 8191, 8191, 8191, 8191, 8191, 8191, 8191, 8191, 8191, 2028, 2030, 8191, 8191, 8191, 8191, 8191, 8191, 8191, 8191, 8191, 8191, 8191, 8191, 8191, 8191, 2947, 8191, 8191, 8191, 8191, 8191, 8191, 8191, 8191, 8187, 8191, 868, 853, 853, 855, 8191, 8191, 8191, 8191, 8191, 8191, 8191, 8191, 8191, 8191, 8191, 8187, 8191, 8187, 2857, 8191, 8191, 8191, 8191, 8191, 8191, 8191, 8191, 1269, 8191, 8191, 8191, 8191, 8191, 8191, 8191, 8191, 8191, 8191, 8191, 8191, 8191, 8191, 2371, 2381, 8191, 8191, 8191, 8191, 8191, 8191, 8191, 8191, 8191, 8191, 8191, 8191, 8191, 8191, 8191, 8191, 8191, 8191, 8191, 8191, 8191, 8191, 8191, 8191, 8191, 8191, 8191, 8191, 8191, 8191, 8191, 8191, 8191, 8191, 2431, 2415, 2417, 2421, 8191, 8191, 8191, 8191, 8191, 8191, 8191, 1259, 1247, 1246, 1252, 8191, 8191, 8191, 8191, 8191, 8191, 8191, 8191, 8191, 8191, 8191, 8191, 8191, 8191, 8191, 8191, 8191, 8191, 8191, 8191, 8191, 8191, 8191, 8191, 8191, 8191, 8191, 8191, 8191, 8191, 8191, 8191, 8191, 8191, 8191, 8191, 8191, 8191, 8191, 8191, 8191, 8191, 8191, 8191, 8191, 8191, 8191, 8191, 8191, 8191, 8191, 8191, 8191, 8191, 8191, 8191, 8191, 8191, 8191, 8191, 8191, 8191, 8191, 8191, 8191, 8191, 8191, 8191, 8191, 8191, 8191, 8191, 8191, 8191, 8191, 8191, 8191, 8191, 8191, 8191, 8191, 8191, 8191, 8191, 8191, 8191, 8191, 8191, 8191, 8191, 8191, 8191, 8191, 8191, 8191, 8191, 8191, 8191, 8191, 8191, 312, 308, 308, 312, 8191, 8191, 8191, 8191, 8191, 8191, 8191, 8191, 8191, 8191, 8191, 8191, 8191, 8191, 8191, 8191, 8191, 8191, 8191, 8191, 8191, 8191, 8191, 8191, 8191, 8191, 8191, 8191, 8191, 8191, 8191, 8191, 8191, 8191, 8191, 8191]"
odo,22890,-0.004619,0.0
odo,22915,-0.004237,0.0
odo,22940,-0.003854,0.0
odo,22965,-0.003089,0.0
odo,22990,-0.003854,0.0
odo,23015,-0.003472,0.0
odo,23040,-0.004237,0.0
odo,23065,-0.005384,0.0
odo,23090,-0.003854,0.0
laser,23100,"[84, 85, 84, 84, 84, 84, 86, 85, 86, 86, 87, 89, 8191, 8191, 8191, 8191, 8191, 8191, 8191, 8191, 8191, 8191, 8191, 8191, 8191, 8191, 8191, 8191, 8191, 8191, 8191, 8191, 8191, 8191, 8191, 8191, 8191, 8191, 8191, 8191, 8191, 8191, 8191, 8191, 8191, 8191, 8191, 8191, 8191, 8191, 8191, 8191, 8191, 8191, 8191, 8191, 8191, 8191, 8191, 8191, 8191, 8187, 8191, 8191, 8191, 8191, 8191, 8191, 8191, 8191, 8191, 8191, 8191, 8191, 8191, 8191, 8191, 8191, 8191, 8191, 8191, 8191, 8191, 8191, 8191, 8191, 8191, 8191, 8191, 8191, 8191, 8187, 8191, 8191, 8191, 8191, 8191, 8191, 8191, 8191, 8191, 2027, 2031, 8191, 8191, 8191, 8191, 8191, 8191, 8191, 8191, 8191, 8191, 8191, 8191, 8191, 8191, 2947, 8191, 8191, 8191, 8191, 8191, 8191, 8191, 8191, 8187, 8191, 869, 853, 853, 854, 8191, 8191, 8183, 8191, 8191, 8191, 8191, 8191, 8191, 8191, 8191, 8191, 8191, 8187, 2858, 8191, 8191, 8191, 8191, 8191, 8191, 8191, 8191, 1270, 8191, 8191, 8191, 8191, 8191, 8191, 8191, 8191, 8191, 8191, 8191, 8191, 8191, 8191, 2371, 2380, 8191, 8191, 8191, 8191, 8191, 8191, 8191, 8191, 8191, 8191, 8191, 8191, 8191, 8191, 8191, 8191, 8191, 8191, 8191, 8191, 8191, 8191, 8191, 8191, 8191, 8191, 8191, 8191, 8191, 8191, 8191, 8191, 8191, 8191, 2429, 2416, 2418, 2421, 8191, 8191, 8191, 8191, 8191, 8191, 8191, 1258, 1248, 1246, 1251, 8191, 8191, 8191, 8191, 8191, 8191, 8191, 8191, 8191, 8191, 8191, 8191, 8191, 8191, 8191, 8191, 8191, 8191, 8191, 8191, 8191, 8191, 8191, 8191, 8191, 8191, 8191, 8191, 8191, 8191, 8191, 8191, 8191, 8191, 8191, 8191, 8191, 8191, 8191, 8191, 8191, 8191, 8191, 8191, 8191, 8191, 8191, 8191, 8191, 8191, 8191, 8191, 8191, 8191, 8191, 8191, 8191, 8191, 8191, 8191, 8191, 8191, 8191, 8191, 8191, 8191, 8191, 8191, 8191, 8191, 8191, 8191, 8191, 8191, 8191, 8191, 8191, 8191, 8191, 8191, 8191, 8191, 8191, 8191, 8191, 8191, 8191, 8191, 8191, 8191, 8191, 8191, 8191, 8191, 8191, 8191, 8191, 8191, 8191, 8191, 312, 308, 309, 313, 8191, 8191, 8191, 8191, 8191, 8191, 8191, 8191, 8191, 8191, 8191, 8191, 8191, 8191, 8191, 8191, 8191, 8191, 8191, 8191, 8191, 8191, 8191, 8191, 8191, 8191, 8191, 8191, 8191, 8191, 8191, 8191, 8191, 8191, 8191, 8191]"
odo,23115,-0.004237,0.0
odo,23140,-0.003854,0.0
odo,23165,-0.003854,0.0
odo,23190,-0.003472,0.0
odo,23215,-0.003854,0.0
odo,23240,-0.003854,0.0
odo,23265,-0.005001,0.0
odo,23290,-0.004619,0.0
laser,23314,"[84, 85, 84, 85, 84, 84, 85, 86, 87, 87, 87, 89, 8191, 8191, 8191, 8191, 8191, 8191, 8191, 8191, 8191, 8191, 8191, 8191, 8191, 8191, 8191, 8191, 8191, 8191, 8191, 8191, 8191, 8191, 8191, 8191, 8191, 8191, 8191, 8191, 8191, 8191, 8191, 8191, 8191, 8191, 8191, 8191, 8191, 8191, 8191, 8191, 8191, 8191, 8191, 8191, 8191, 8191, 8191, 8191, 8191, 8187, 8191, 8191, 8191, 8191, 8191, 8191, 8191, 8191, 8191, 8191, 8191, 8191, 8191, 8191, 8191, 8191, 8191, 8191, 8191, 8187, 8191, 8191, 8191, 8191, 8191, 8191, 8191, 8191, 8191, 8187, 8191, 8191, 8191, 8191, 8191, 8191, 8191, 8191, 8191, 2028, 2030, 8191, 8191, 8191, 8191, 8191, 8191, 8191, 8191, 8191, 8191, 8191, 8191, 8191, 8191, 2948, 8191, 8191, 8191, 8191, 8191, 8191, 8191, 8191, 8187, 8191, 869, 853, 853, 854, 8191, 8191, 8183, 8191, 8191, 8191, 8183, 8191, 8191, 8191, 8191, 8191, 8191, 2866, 2857, 8191, 8191, 8191, 8191, 8191, 8191, 8191, 8191, 1269, 8191, 8191, 8191, 8191, 8191, 8191, 8191, 8191, 8191, 8191, 8191, 8191, 8191, 8191, 2371, 2380, 8191, 8191, 8191, 8191, 8191, 8191, 8191, 8191, 8191, 8191, 8191, 8191, 8191, 8191, 8191, 8191, 8191, 8191, 8191, 8191, 8191, 8191, 8191, 8191, 8191, 8191, 8191, 8191, 8191, 8191, 8191, 8191, 8191, 8191, 2430, 2418, 2417, 2423, 8191, 8191, 8191, 8191, 8191, 8191, 8191, 1258, 1246, 1247, 1252, 8191, 8191, 8191, 8191, 8191, 8191, 8191, 8191, 8191, 8191, 8191, 8191, 8191, 8191, 8191, 8191, 8191, 8191, 8191, 8191, 8191, 8191, 8191, 8191, 8191, 8191, 8191, 8191, 8191, 8191, 8191, 8191, 8191, 8191, 8191, 8191, 8191, 8191, 8191, 8191, 8191, 8191, 8191, 8191, 8191, 8191, 8191, 8191, 8191, 8191, 8191, 8191, 8191, 8191, 8191, 8191, 8191, 8191, 8191, 8191, 8191, 8191, 8191, 8191, 8191, 8191, 8191, 8191, 8191, 8191, 8191, 8191, 8191, 8191, 8191, 8191, 8191, 8191, 8191, 8191, 8191, 8191, 8191, 8191, 8191, 8191, 8191, 8191, 8191, 8191, 8191, 8191, 8191, 8191, 8191, 8191, 8191, 8191, 8191, 8191, 312, 309, 309, 313, 8191, 8191, 8191, 8191, 8191, 8191, 8187, 8191, 8191, 8191, 8191, 8191, 8191, 8191, 8191, 8191, 8191, 8191, 8191, 8191, 8191, 8191, 8191, 8191, 8191, 8191, 8191, 8191, 8191, 8191, 8191, 8191, 8191, 8191, 8191, 8191]"
odo,23315,-0.004237,0.0
odo,23340,-0.004619,0.0
odo,23365,-0.003472,0.0
odo,23390,-0.004619,0.0
odo,23415,-0.004619,0.0
odo,23440,-0.003472,0.0
odo,23465,-0.003472,0.0
odo,23490,-0.004237,0.0
odo,23515,-0.004237,0.0
laser,23528,"[84, 84, 84, 84, 84, 84, 85, 86, 86, 87, 88, 89, 8191, 8191, 8191, 8191, 8191, 8191, 8191, 8191, 8191, 8191, 8191, 8191, 8191, 8191, 8191, 8191, 8191, 8191, 8191, 8191, 8191, 8191, 8191, 8191, 8191, 8191, 8191, 8191, 8191, 8191, 8191, 8191, 8191, 8191, 8191, 8191, 8191, 8191, 8191, 8191, 8191, 8191, 8191, 8191, 8191, 8191, 8191, 8191, 8191, 8187, 8191, 8191, 8191, 8191, 8191, 8191, 8191, 8191, 8191, 8191, 8191, 8191, 8191, 8191, 8191, 8191, 8191, 8191, 8191, 8187, 8191, 8191, 8191, 8191, 8191, 8191, 8191, 8191, 8191, 8187, 8191, 8191, 8191, 8191, 8191, 8191, 8191, 8191, 8191, 2028, 2031, 8191, 8191, 8191, 8191, 8191, 8191, 8191, 8191, 8191, 8191, 8191, 8191, 8191, 8191, 2947, 8191, 8191, 8191, 8191, 8191, 8191, 8191, 8191, 8187, 8191, 870, 853, 853, 855, 8191, 8191, 8183, 8191, 8191, 8191, 8191, 8191, 8191, 8183, 8191, 8187, 8191, 8187, 2856, 8191, 8191, 8191, 8191, 8191, 8191, 8191, 8191, 1269, 8191, 8191, 8191, 8191, 8191, 8191, 8191, 8191, 8191, 8191, 8191, 8191, 8191, 8191, 2372, 2380, 8191, 8191, 8191, 8191, 8191, 8191, 8187, 8191, 8191, 8191, 8191, 8191, 8191, 8191, 8191, 8191, 8191, 8191, 8191, 8191, 8191, 8191, 8191, 8191, 8191, 8191, 8191, 8191, 8191, 8191, 8191, 8191, 8191, 8191, 2429, 2416, 2418, 2422, 8191, 8191, 8191, 8191, 8191, 8191, 8191, 1258, 1248, 1246, 1252, 8191, 8191, 8191, 8191, 8191, 8191, 8191, 8191, 8191, 8191, 8191, 8191, 8191, 8191, 8191, 8191, 8191, 8191, 8191, 8191, 8191, 8191, 8191, 8191, 8191, 8191, 8191, 8191, 8191, 8191, 8191, 8191, 8191, 8191, 8191, 8191, 8191, 8191, 8191, 8191, 8191, 8191, 8191, 8191, 8191, 8191, 8191, 8191, 8191, 8191, 8191, 8191, 8191, 8191, 8191, 8191, 8191, 8191, 8191, 8191, 8191, 8191, 8191, 8191, 8191, 8191, 8191, 8191, 8191, 8191, 8191, 8191, 8191, 8191, 8191, 8191, 8191, 8191, 8191, 8191, 8191, 8191, 8191, 8191, 8191, 8191, 8191, 8191, 8191, 8191, 8191, 8191, 8191, 8191, 8191, 8191, 8191, 8191, 8191, 8191, 311, 309, 309, 314, 8191, 8191, 8191, 8191, 8191, 8191, 8191, 8191, 8191, 8191, 8191, 8191, 8191, 8191, 8191, 8191, 8191, 8191, 8191, 8191, 8191, 8191, 8191, 8191, 8191, 8191, 8191, 8191, 8191, 8191, 8191, 8191, 8191, 8191, 8191, 8191]"
odo,23540,-0.004237,0.0
odo,23565,-0.004619,0.0
odo,23590,-0.004237,0.0
odo,23615,-0.003472,0.0
odo,23640,-0.003472,0.0
odo,23665,-0.003472,0.0
odo,23690,-0.003472,0.0
odo,23715,-0.002707,0.0
odo,23740,-0.002707,0.0
laser,23742,"[83, 84, 84, 84, 84, 84, 85, 85, 86, 87, 88, 88, 8191, 8191, 8191, 8191, 8191, 8191, 8191, 8191, 8191, 8191, 8191, 8191, 8191, 8191, 8191, 8191, 8191, 8191, 8191, 8191, 8191, 8191, 8191, 8191, 8191, 8191, 8191, 8191, 8191, 8191, 8191, 8191, 8191, 8191, 8191, 8191, 8191, 8191, 8191, 8191, 8191, 8191, 8191, 8191, 8191, 8191, 8191, 8191, 8191, 8187, 8191, 8191, 8191, 8191, 8191, 8191, 8191, 8191, 8191, 8191, 8191, 8191, 8191, 8191, 8191, 8191, 8191, 8191, 8191, 8191, 8191, 8191, 8191, 8191, 8191, 8191, 8191, 8191, 8191, 8187, 8191, 8191, 8191, 8191, 8191, 8191, 8191, 8191, 8191, 2030, 2030, 8191, 8191, 8191, 8191, 8191, 8191, 8191, 8191, 8191, 8191, 8191, 8191, 8191, 8191, 2948, 8191, 8191, 8191, 8191, 8191, 8191, 8191, 8191, 8187, 8191, 868, 853, 853, 854, 8191, 8191, 8183, 8191, 8191, 8191, 8191, 8191, 8191, 8191, 8183, 8187, 8191, 8187, 2858, 8191, 8191, 8191, 8191, 8191, 8191, 8191, 8191, 1269, 8191, 8191, 8191, 8191, 8191, 8191, 8191, 8191, 8191, 8191, 8191, 8191, 8191, 8191, 2372, 2380, 8191, 8191, 8191, 8191, 8191, 8191, 8191, 8191, 8191, 8187, 8191, 8191, 8191, 8191, 8191, 8191, 8191, 8191, 8191, 8191, 8191, 8191, 8191, 8191, 8191, 8191, 8191, 8191, 8191, 8191, 8191, 8191, 8191, 8191, 2428, 2416, 2417, 2423, 8191, 8191, 8191, 8191, 8191, 8191, 8191, 1258, 1246, 1247, 1251, 8191, 8191, 8191, 8191, 8191, 8191, 8191, 8191, 8191, 8191, 8191, 8191, 8191, 8191, 8191, 8191, 8191, 8191, 8191, 8191, 8191, 8191, 8191, 8191, 8191, 8191, 8191, 8191, 8191, 8191, 8191, 8191, 8191, 8191, 8191, 8191, 8191, 8191, 8191, 8191, 8191, 8191, 8191, 8191, 8191, 8191, 8191, 8191, 8191, 8191, 8191, 8191, 8191, 8191, 8191, 8191, 8191, 8191, 8191, 8191, 8191, 8191, 8191, 8191, 8191, 8191, 8191, 8191, 8191, 8191, 8191, 8191, 8191, 8191, 8191, 8191, 8191, 8191, 8191, 8191, 8191, 8191, 8191, 8191, 8191, 8191, 8191, 8191, 8191, 8191, 8191, 8191, 8191, 8191, 8191, 8191, 8191, 8191, 8191, 8191, 312, 309, 309, 314, 8191, 8191, 8191, 8191, 8191, 8191, 8191, 8191, 8191, 8191, 8191, 8191, 8191, 8191, 8191, 8191, 8191, 8191, 8191, 8191, 8191, 8191, 8191, 8191, 8191, 8191, 8191, 8191, 8191, 8191, 8191, 8191, 8191, 8191, 8191, 8191]"
odo,23765,-0.003854,0.0
odo,23790,-0.004619,0.0
odo,23815,-0.003854,0.0
odo,23840,-0.005766,0.0
odo,23865,-0.003472,0.0
odo,23890,-0.004237,0.0
odo,23915,-0.004619,0.0
odo,23940,-0.003854,0.0
laser,23955,"[83, 84, 84, 85, 84, 84, 85, 85, 86, 85, 87, 89, 8191, 8191, 8191, 8191, 8191, 8191, 8191, 8191, 8191, 8191, 8191, 8191, 8191, 8191, 8191, 8191, 8191, 8191, 8191, 8191, 8191, 8191, 8191, 8191, 8191, 8191, 8191, 8191, 8191, 8191, 8191, 8191, 8191, 8191, 8191, 8191, 8191, 8191, 8191, 8191, 8191, 8191, 8191, 8191, 8191, 8191, 8191, 8191, 8191, 8187, 8191, 8191, 8191, 8191, 8191, 8191, 8191, 8191, 8191, 8191, 8191, 8191, 8191, 8191, 8191, 8191, 8191, 8191, 8191, 8187, 8191, 8191, 8191, 8191, 8191, 8191, 8191, 8191, 8191, 8187, 8191, 8191, 8191, 8191, 8191, 8191, 8191, 8191, 8191, 2030, 2030, 8191, 8191, 8191, 8191, 8191, 8191, 8191, 8191, 8191, 8191, 8191, 8191, 8191, 8191, 2947, 8191, 8191, 8191, 8191, 8191, 8191, 8191, 8191, 8187, 8191, 870, 853, 852, 854, 8191, 8191, 8183, 8191, 8191, 8191, 8191, 8191, 8191, 8191, 8191, 8191, 8191, 8187, 2857, 8191, 8191, 8191, 8191, 8191, 8191, 8191, 8191, 1269, 8191, 8191, 8191, 8191, 8191, 8191, 8191, 8191, 8191, 8191, 8191, 8191, 8191, 8191, 2373, 2381, 8191, 8191, 8187, 8191, 8191, 8191, 8191, 8191, 8191, 8191, 8191, 8191, 8191, 8191, 8191, 8191, 8191, 8191, 8191, 8191, 8191, 8191, 8191, 8191, 8191, 8191, 8191, 8191, 8191, 8191, 8191, 8191, 8191, 8191, 2429, 2416, 2418, 2423, 8191, 8191, 8191, 8191, 8191, 8191, 8191, 1259, 1248, 1247, 1251, 8191, 8191, 8191, 8191, 8191, 8191, 8191, 8191, 8191, 8191, 8191, 8191, 8191, 8191, 8191, 8191, 8191, 8191, 8191, 8191, 8191, 8191, 8191, 8191, 8191, 8191, 8191, 8191, 8191, 8191, 8191, 8191, 8191, 8191, 8191, 8191, 8191, 8191, 8191, 8191, 8191, 8191, 8191, 8191, 8191, 8191, 8191, 8191, 8191, 8191, 8191, 8191, 8191, 8191, 8191, 8191, 8191, 8191, 8191, 8191, 8191, 8191, 8191, 8191, 8191, 8191, 8191, 8191, 8191, 8191, 8191, 8191, 8191, 8191, 8191, 8191, 8191, 8191, 8191, 8191, 8191, 8191, 8191, 8191, 8191, 8191, 8191, 8191, 8191, 8191, 8191, 8191, 8191, 8191, 8191, 8191, 8191, 8191, 8191, 8191, 312, 308, 309, 313, 8191, 8191, 8191, 8191, 8191, 8191, 8191, 8191, 8191, 8191, 8191, 8191, 8191, 8191, 8191, 8191, 8191, 8191, 8191, 8191, 8191, 8191, 8191, 8191, 8191, 8191, 8191, 8191, 8191, 8191, 8191, 8191, 8191, 8191, 8191, 8191]"
odo,23965,-0.003854,0.0
odo,23990,-0.006149,0.0
odo,24015,-0.003854,0.0
odo,24040,-0.003472,0.0
odo,24065,-0.003854,0.0
odo,24090,-0.004237,0.0
odo,24115,-0.004237,0.0
odo,24140,-0.004237,0.0
odo,24165,-0.004237,0.0
laser,24169,"[83, 83, 84, 84, 84, 84, 85, 86, 87, 86, 86, 89, 8191, 8191, 8191, 8191, 8191, 8191, 8191, 8191, 8191, 8191, 8191, 8191, 8191, 8191, 8191, 8191, 8191, 8191, 8191, 8191, 8191, 8191, 8191, 8191, 8191, 8191, 8191, 8191, 8191, 8191, 8191, 8191, 8191, 8191, 8191, 8191, 8191, 8191, 8191, 8191, 8191, 8191, 8191, 8191, 8191, 8191, 8191, 8191, 8191, 8191, 8191, 8191, 8191, 8191, 8191, 8191, 8191, 8191, 8191, 8191, 8191, 8191, 8191, 8191, 8191, 8191, 8191, 8191, 8191, 8187, 8191, 8191, 8191, 8191, 8191, 8191, 8191, 8191, 8191, 8187, 8191, 8191, 8191, 8191, 8191, 8191, 8191, 8191, 8191, 2030, 2030, 8191, 8191, 8191, 8191, 8191, 8191, 8191, 8191, 8191, 8191, 8191, 8191, 8191, 8191, 2947, 8191, 8191, 8191, 8191, 8191, 8191, 8191, 8191, 4870, 8191, 870, 853, 852, 854, 8191, 8191, 8183, 8191, 8191, 8191, 8191, 8191, 8191, 8191, 8191, 8187, 8191, 8187, 2858, 8191, 8191, 8191, 8191, 8191, 8191, 8191, 8191, 1270, 8191, 8191, 8191, 8191, 8191, 8191, 8191, 8191, 8191, 8191, 8191, 8191, 8191, 8191, 2372, 2381, 8191, 8191, 8191, 8191, 8187, 8191, 8191, 8191, 8191, 8191, 8191, 8191, 8191, 8191, 8191, 8191, 8191, 8191, 8191, 8191, 8191, 8191, 8191, 8191, 8191, 8191, 8191, 8191, 8191, 8191, 8191, 8191, 8191, 8191, 2429, 2416, 2417, 2425, 8191, 8191, 8191, 8191, 8191, 8191, 8191, 1258, 1246, 1246, 1252, 8191, 8191, 8191, 8191, 8191, 8191, 8191, 8191, 8191, 8191, 8191, 8191, 8191, 8191, 8191, 8191, 8191, 8191, 8191, 8191, 8191, 8191, 8191, 8191, 8191, 8191, 8191, 8191, 8191, 8191, 8191, 8191, 8191, 8191, 8191, 8191, 8191, 8191, 8191, 8191, 8191, 8191, 8191, 8191, 8191, 8191, 8191, 8191, 8191, 8191, 8191, 8191, 8191, 8191, 8191, 8191, 8191, 8191, 8191, 8191, 8191, 8191, 8191, 8191, 8191, 8191, 8191, 8191, 8191, 8191, 8191, 8191, 8191, 8191, 8191, 8191, 8191, 8191, 8191, 8191, 8191, 8191, 8191, 8191, 8191, 8191, 8191, 8191, 8191, 8191, 8191, 8191, 8191, 8191, 8191, 8191, 8191, 8191, 8191, 8191, 312, 309, 308, 313, 8191, 8191, 8191, 8191, 8191, 8191, 8191, 8191, 8191, 8191, 8191, 8191, 8191, 8191, 8191, 8191, 8191, 8191, 8191, 8191, 8191, 8191, 8191, 8191, 8191, 8191, 8191, 8191, 8191, 8191, 8191, 8191, 8191, 8191, 8191, 8191]"
odo,24190,-0.004619,0.0
odo,24215,-0.003854,0.0
odo,24240,-0.004237,0.019726
odo,24265,-0.003854,0.0
odo,24290,-0.004619,0.0
odo,24315,-0.004237,0.0
odo,24340,-0.003854,0.0
odo,24365,-0.004619,0.019726
laser,24382,"[84, 83, 84, 85, 84, 84, 85, 85, 86, 86, 88, 89, 8191, 8191, 8191, 8191, 8191, 8191, 8191, 8191, 8191, 8191, 8191, 8191, 8191, 8191, 8191, 8191, 8191, 8191, 8191, 8191, 8191, 8191, 8191, 8191, 8191, 8191, 8191, 8191, 8191, 8191, 8191, 8191, 8191, 8191, 8191, 8191, 8191, 8191, 8191, 8191, 8191, 8191, 8191, 8191, 8191, 8191, 8191, 8191, 8191, 8187, 8191, 8191, 8191, 8191, 8191, 8191, 8191, 8191, 8191, 8191, 8191, 8191, 8191, 8191, 8191, 8191, 8191, 8191, 8191, 8191, 8191, 8191, 8191, 8191, 8191, 8191, 8191, 8191, 8191, 8187, 8191, 8191, 8191, 8191, 8191, 8191, 8191, 8191, 8191, 2030, 2031, 8191, 8191, 8191, 8191, 8191, 8191, 8191, 8191, 8191, 8191, 8191, 8191, 8191, 8191, 2947, 8191, 8191, 8191, 8191, 8191, 8191, 8191, 8191, 4870, 8191, 870, 853, 853, 854, 8191, 8191, 8183, 8191, 8191, 8191, 8191, 8191, 8191, 8191, 8191, 8187, 8191, 8187, 2857, 8191, 8191, 8191, 8191, 8191, 8191, 8191, 8191, 1269, 8191, 8191, 8191, 8191, 8191, 8191, 8191, 8191, 8191, 8191, 8191, 8191, 8191, 8191, 2371, 2380, 8191, 8191, 8191, 8191, 8191, 8191, 8191, 8191, 8191, 8191, 8191, 8191, 8191, 8191, 8191, 8191, 8191, 8191, 8191, 8191, 8191, 8191, 8191, 8191, 8191, 8191, 8191, 8191, 8191, 8191, 8191, 8191, 8191, 8191, 2429, 2416, 2416, 2421, 8191, 8191, 8191, 8191, 8191, 8191, 8191, 1259, 1247, 1246, 1252, 8191, 8191, 8191, 8191, 8191, 8191, 8191, 8191, 8191, 8191, 8191, 8191, 8191, 8191, 8191, 8191, 8191, 8191, 8191, 8191, 8191, 8191, 8191, 8191, 8191, 8191, 8191, 8191, 8191, 8191, 8191, 8191, 8191, 8191, 8191, 8191, 8191, 8191, 8191, 8191, 8191, 8191, 8191, 8191, 8191, 8191, 8191, 8191, 8191, 8191, 8191, 8191, 8191, 8191, 8191, 8191, 8191, 8191, 8191, 8191, 8191, 8191, 8191, 8191, 8191, 8191, 8191, 8191, 8191, 8191, 8191, 8191, 8191, 8191, 8191, 8191, 8191, 8191, 8191, 8191, 8191, 8191, 8191, 8191, 8191, 8191, 8191, 8191, 8191, 8191, 8191, 8191, 8191, 8191, 8191, 8191, 8191, 8191, 8191, 8191, 314, 308, 308, 312, 8191, 8191, 8191, 8191, 8191, 8191, 8191, 8191, 8191, 8191, 8191, 8191, 8191, 8191, 8191, 8191, 8191, 8191, 8191, 8191, 8191, 8191, 8191, 8191, 8191, 8191, 8191, 8191, 8191, 8191, 8191, 8191, 8191, 8191, 8191, 8191]"
